passenger1,passenger2,flightsTogether
117,172,3
203,261,3
256,275,3
339,387,3
429,438,3
515,588,3
578,588,3
770,800,3
787,789,3
732,796,3
736,754,3
748,789,3
756,757,3
876,891,3
801,838,3
847,862,3
847,897,3
802,848,3
937,969,3
934,960,3
1217,1279,3
1303,1393,3
304,333,3
702,777,3
702,782,3
927,934,3
331,1300,3
382,727,3
309,749,3
313,760,3
774,1053,3
781,1021,3
761,1026,3
1961,1972,3
1942,1961,3
1929,1941,3
1929,1949,3
1952,1995,3
1930,1984,3
1955,1996,3
1922,1954,3
1909,1912,3
1905,1964,3
1928,1953,3
1928,1981,3
1916,1960,3
1906,1943,3
1969,1993,3
1971,1987,3
1940,1994,3
1915,1983,3
1918,1950,3
1918,1937,3
1918,1924,3
1941,2000,3
1941,1943,3
1941,1980,3
1934,1988,3
1926,1934,3
1933,1956,3
1932,1994,3
1932,1989,3
1975,1976,3
2113,2192,3
2133,2170,3
2224,2246,3
2277,2298,3
2230,2237,3
2263,2264,3
2228,2251,3
2236,2293,3
2249,2263,3
2219,2245,3
2229,2232,3
2417,2429,3
2413,2460,3
2410,2464,3
2441,2484,3
2451,2452,3
2510,2534,3
2528,2531,3
2663,2697,3
2628,2689,3
3019,3041,3
416,1625,3
3113,3189,3
274,3112,3
232,645,3
650,3137,3
1247,2674,3
3913,3974,3
4068,4082,3
4015,4098,3
4014,4036,3
286,3134,3
2586,3123,3
205,2563,3
299,1645,3
684,2521,3
490,2586,3
274,2560,3
281,3475,3
609,3461,3
2175,3436,3
247,3471,3
247,3440,3
4325,4383,3
4319,4338,3
4327,4360,3
4358,4386,3
4313,4327,3
248,254,3
205,296,3
204,255,3
230,293,3
256,266,3
352,383,3
346,348,3
349,370,3
349,350,3
570,574,3
652,689,3
663,672,3
648,694,3
607,658,3
714,775,3
720,723,3
713,745,3
780,800,3
717,790,3
741,776,3
805,849,3
867,881,3
843,876,3
806,848,3
832,862,3
849,850,3
891,897,3
970,991,3
1048,1071,3
1050,1064,3
1010,1060,3
1270,1286,3
1240,1259,3
210,223,3
307,387,3
710,732,3
1008,1010,3
719,1023,3
315,799,3
364,758,3
762,1026,3
705,1002,3
795,1007,3
795,1053,3
758,1031,3
716,1038,3
324,749,3
376,752,3
305,797,3
763,1007,3
350,1211,3
1656,1686,3
1907,1987,3
1914,1928,3
1973,1982,3
1954,1956,3
1952,1977,3
1986,1998,3
1924,1928,3
1909,1986,3
1906,1990,3
1963,1996,3
1944,1984,3
1993,2000,3
1976,1988,3
1941,1984,3
1972,1980,3
1939,1990,3
1903,1940,3
1903,1958,3
2072,2075,3
2171,2198,3
2164,2166,3
2156,2157,3
2271,2281,3
2201,2286,3
2232,2257,3
2261,2266,3
2220,2228,3
2230,2299,3
2209,2258,3
2209,2252,3
2209,2231,3
2228,2280,3
2252,2275,3
2218,2240,3
2256,2294,3
2239,2282,3
2234,2283,3
2205,2240,3
2272,2273,3
2275,2280,3
2405,2450,3
2405,2413,3
2407,2417,3
2425,2492,3
2404,2405,3
2464,2484,3
2451,2460,3
2536,2596,3
2510,2528,3
3136,3170,3
3136,3148,3
3108,3118,3
3146,3184,3
266,670,3
210,3157,3
210,650,3
210,3178,3
231,3120,3
1056,3411,3
759,3444,3
366,3447,3
4015,4089,3
4049,4089,3
696,3151,3
628,2106,3
628,3155,3
205,1300,3
490,2573,3
1662,2830,3
244,3471,3
218,3414,3
218,760,3
1053,2183,3
2153,3475,3
4311,4325,3
4368,4372,3
4343,4378,3
255,269,3
347,383,3
347,361,3
318,400,3
318,359,3
563,574,3
665,680,3
610,665,3
638,670,3
677,695,3
723,736,3
775,790,3
805,806,3
801,891,3
851,865,3
1250,1279,3
1237,1270,3
1459,1488,3
508,528,3
718,787,3
1022,1094,3
315,774,3
309,730,3
712,1053,3
308,764,3
366,729,3
376,755,3
330,746,3
772,1026,3
334,707,3
1949,1991,3
1910,1917,3
1914,1933,3
1914,1976,3
1901,1938,3
1955,1966,3
1927,1992,3
1935,1970,3
1906,1992,3
1938,1981,3
1945,1992,3
1917,1933,3
1917,1940,3
1965,1996,3
1913,1958,3
2108,2133,3
2227,2256,3
2224,2245,3
2232,2251,3
2251,2253,3
2233,2259,3
2228,2299,3
2211,2218,3
2291,2300,3
2279,2296,3
2269,2299,3
2256,2257,3
2212,2284,3
2234,2277,3
2219,2244,3
2219,2289,3
2272,2295,3
2229,2237,3
2436,2492,3
2438,2458,3
2586,2595,3
2521,2547,3
2673,2679,3
2685,2698,3
2731,2794,3
2833,2862,3
3019,3075,3
3015,3039,3
3065,3093,3
391,459,3
3101,3123,3
3107,3117,3
3135,3164,3
610,3178,3
211,624,3
369,2681,3
1053,3411,3
374,3475,3
4026,4093,3
4021,4033,3
4093,4098,3
610,2545,3
2391,2803,3
740,2186,3
751,2178,3
2183,3421,3
247,740,3
368,679,3
4311,4368,3
4348,4356,3
4335,4365,3
4335,4381,3
4370,4375,3
4313,4375,3
4369,4374,3
273,275,3
212,273,3
215,269,3
234,255,3
339,361,3
326,383,3
301,336,3
323,361,3
544,568,3
568,592,3
522,578,3
536,585,3
557,578,3
618,694,3
615,677,3
723,787,3
757,783,3
844,878,3
841,867,3
889,895,3
823,849,3
832,888,3
947,965,3
1050,1052,3
536,537,3
804,894,3
1203,1297,3
398,1074,3
382,704,3
747,1053,3
724,1051,3
703,1053,3
309,726,3
381,739,3
705,1035,3
758,1013,3
774,1051,3
392,705,3
392,721,3
324,778,3
376,730,3
376,793,3
330,706,3
340,1238,3
1537,1569,3
1607,1674,3
1960,1965,3
1907,1930,3
1967,1998,3
1921,1947,3
1921,1950,3
1921,1991,3
1958,1962,3
1912,1981,3
1964,1997,3
1904,1967,3
1922,1999,3
1951,1964,3
1909,1973,3
1935,1967,3
1946,1990,3
1963,1979,3
1947,1970,3
1953,1980,3
1940,1986,3
1938,1987,3
1945,1957,3
1976,1980,3
1915,1947,3
1915,1969,3
1915,1959,3
1911,1978,3
1997,1999,3
1934,1953,3
1972,1995,3
1939,1977,3
1965,1983,3
1923,1942,3
1913,1997,3
1908,1974,3
1902,1957,3
1902,1970,3
1948,1964,3
2042,2079,3
2113,2127,3
2139,2198,3
2143,2198,3
2132,2153,3
2103,2149,3
2125,2151,3
2177,2198,3
2271,2295,3
2210,2294,3
2224,2248,3
2201,2216,3
2223,2295,3
2250,2259,3
2261,2281,3
2270,2292,3
2209,2229,3
2228,2274,3
2266,2291,3
2258,2274,3
2243,2289,3
2246,2299,3
2437,2441,3
2460,2497,3
2410,2441,3
2410,2447,3
2469,2500,3
2538,2565,3
2624,2643,3
2868,2887,3
3065,3076,3
3039,3084,3
3136,3168,3
3135,3177,3
232,3109,3
232,3104,3
645,3104,3
610,3199,3
299,688,3
271,3171,3
677,3132,3
212,3146,3
1228,1544,3
1247,1576,3
1056,3446,3
763,3447,3
3906,3908,3
4015,4036,3
4042,4057,3
4027,4056,3
1693,3104,3
682,1682,3
431,2809,3
221,3471,3
289,3461,3
289,3440,3
2175,3444,3
1001,3151,3
263,760,3
4311,4355,3
4314,4393,3
4363,4381,3
4390,4400,3
4319,4347,3
4356,4363,3
219,284,3
230,299,3
211,243,3
367,383,3
349,353,3
528,554,3
544,575,3
522,556,3
536,588,3
570,592,3
523,578,3
663,666,3
611,693,3
714,787,3
722,767,3
748,776,3
754,756,3
844,865,3
874,899,3
870,884,3
810,822,3
944,999,3
969,986,3
1019,1055,3
1011,1041,3
1079,1083,3
1033,1097,3
1080,1090,3
1009,1078,3
1245,1286,3
1220,1240,3
312,393,3
611,613,3
607,688,3
1208,1289,3
1217,1225,3
382,758,3
385,773,3
703,1072,3
381,740,3
759,1007,3
755,1002,3
786,1035,3
360,703,3
376,724,3
400,1238,3
1024,1223,3
343,1211,3
1537,1542,3
1570,1596,3
1563,1590,3
1607,1635,3
1991,1992,3
1979,1981,3
1925,1936,3
1914,1990,3
1929,1937,3
1930,1933,3
1930,1937,3
1978,1998,3
1927,1936,3
1922,1976,3
1937,1989,3
1928,1975,3
1963,1971,3
1976,1987,3
1957,1999,3
1980,1998,3
1926,1955,3
1939,1996,3
1917,1950,3
1908,1947,3
2240,2270,3
2248,2285,3
2263,2288,3
2266,2288,3
2217,2232,3
2211,2243,3
2211,2231,3
2226,2266,3
2256,2283,3
2225,2264,3
2238,2270,3
2207,2273,3
2268,2281,3
2241,2247,3
2274,2294,3
2216,2285,3
2229,2280,3
2447,2485,3
2436,2473,3
2436,2484,3
2427,2467,3
2412,2413,3
2430,2467,3
2525,2560,3
2613,2682,3
2612,2626,3
2612,2679,3
2868,2897,3
2813,2897,3
3089,3096,3
3107,3199,3
3135,3142,3
684,3137,3
681,3199,3
1569,2697,3
1287,1587,3
1042,1539,3
3913,3980,3
4004,4089,3
289,3172,3
281,628,3
602,2153,3
443,1693,3
248,2510,3
255,2573,3
2560,3123,3
281,1095,3
746,3198,3
272,368,3
4318,4329,3
4318,4359,3
4363,4397,3
4358,4366,3
4313,4338,3
326,356,3
575,585,3
522,542,3
627,645,3
606,625,3
695,698,3
662,697,3
804,852,3
838,894,3
849,895,3
1075,1094,3
1055,1071,3
1259,1286,3
1216,1288,3
1216,1278,3
1239,1286,3
1074,1240,3
1491,1499,3
312,387,3
508,522,3
713,794,3
382,726,3
709,1026,3
709,1044,3
364,726,3
739,1072,3
705,1013,3
712,1023,3
727,1001,3
1550,1558,3
1569,1594,3
1655,1674,3
1859,1873,3
1961,1973,3
1983,1984,3
1942,2000,3
1910,1952,3
1914,1915,3
1901,1911,3
1901,1922,3
1901,1910,3
1964,1995,3
1966,1974,3
1966,1978,3
1988,1989,3
1924,1994,3
1924,1980,3
1927,1932,3
1922,1950,3
1937,1976,3
1906,1951,3
1950,1982,3
1950,1979,3
1931,1967,3
1976,1998,3
1918,1997,3
1933,1943,3
1939,1995,3
1948,1998,3
2104,2175,3
2210,2246,3
2232,2294,3
2202,2299,3
2202,2258,3
2202,2251,3
2242,2259,3
2242,2283,3
2207,2212,3
2281,2300,3
2243,2269,3
2219,2238,3
2260,2282,3
2437,2464,3
2447,2492,3
2413,2436,3
2413,2443,3
2454,2469,3
2410,2451,3
2438,2454,3
2412,2478,3
2545,2571,3
2520,2546,3
2594,2596,3
2656,2679,3
2801,2809,3
3005,3041,3
3077,3084,3
1240,1656,3
416,1240,3
3145,3186,3
3105,3118,3
698,3123,3
681,3117,3
271,613,3
1066,1598,3
1056,3414,3
374,3421,3
4028,4096,3
4028,4041,3
4004,4093,3
289,696,3
246,641,3
650,1300,3
650,2573,3
1639,2505,3
609,3410,3
3159,3471,3
4325,4400,3
4335,4363,3
4338,4356,3
4312,4342,3
212,242,3
353,359,3
401,414,3
521,595,3
570,585,3
525,536,3
627,646,3
620,667,3
714,718,3
765,777,3
715,788,3
732,787,3
847,859,3
881,899,3
868,878,3
1041,1090,3
1041,1052,3
1060,1068,3
1020,1048,3
1005,1034,3
1416,1440,3
523,528,3
710,787,3
1231,1298,3
1416,1499,3
385,716,3
378,768,3
724,1021,3
364,719,3
785,1029,3
793,1001,3
750,1029,3
781,1007,3
707,1025,3
1506,1507,3
1643,1682,3
1960,1983,3
1907,1996,3
1925,1939,3
1925,1934,3
1910,1912,3
1967,2000,3
1901,1937,3
1901,1967,3
1912,1992,3
1964,1975,3
1959,1980,3
1956,1969,3
1955,1986,3
1927,1964,3
1905,1950,3
1935,1945,3
1935,1940,3
1928,1971,3
1946,1992,3
1963,1974,3
1919,1957,3
1919,1973,3
1919,1964,3
1938,1974,3
1976,1977,3
1926,1962,3
1926,1967,3
1943,1998,3
1943,1961,3
1932,1964,3
1908,1921,3
1908,1977,3
2113,2138,3
2159,2183,3
2194,2196,3
2108,2143,3
2149,2192,3
2156,2177,3
2201,2277,3
2208,2300,3
2208,2271,3
2283,2286,3
2287,2296,3
2206,2241,3
2212,2263,3
2241,2254,3
2243,2294,3
2249,2282,3
2216,2220,3
2246,2298,3
2246,2280,3
2306,2325,3
2406,2462,3
2450,2484,3
2412,2441,3
2473,2478,3
2547,2571,3
2610,2643,3
3084,3089,3
3005,3065,3
3071,3077,3
1299,1656,3
431,1602,3
3152,3169,3
3113,3177,3
229,613,3
755,3405,3
1053,3438,3
374,3493,3
3906,3941,3
4043,4082,3
247,3172,3
2175,3155,3
205,2539,3
248,2539,3
276,2571,3
610,2568,3
275,2539,3
471,2505,3
1232,2505,3
39,3063,3
3198,3436,3
246,3413,3
286,1001,3
1023,3122,3
272,1053,3
3159,3436,3
690,3440,3
4325,4355,3
4302,4313,3
4345,4398,3
4372,4393,3
303,335,3
352,356,3
337,365,3
507,584,3
650,660,3
720,725,3
720,787,3
722,783,3
776,780,3
741,790,3
741,756,3
789,796,3
756,798,3
767,775,3
833,891,3
833,847,3
813,888,3
804,849,3
832,884,3
944,947,3
947,960,3
1061,1094,3
1030,1075,3
1022,1040,3
1286,1292,3
1240,1289,3
1215,1279,3
1224,1238,3
1202,1234,3
607,613,3
631,639,3
713,796,3
710,735,3
934,999,3
1008,1030,3
721,1001,3
719,1072,3
315,751,3
309,799,3
328,747,3
313,781,3
795,1095,3
395,781,3
781,1051,3
392,747,3
772,1021,3
1509,1539,3
1562,1596,3
1960,1987,3
1907,1979,3
1981,1987,3
1921,1963,3
1921,1973,3
1914,1957,3
1962,1967,3
1904,1931,3
1955,1988,3
1968,1972,3
1909,1989,3
1909,1920,3
1905,1993,3
1935,1963,3
1906,1925,3
1950,1956,3
1992,1993,3
1969,1981,3
1946,1980,3
1945,1951,3
1957,1958,3
1911,1915,3
1980,1990,3
1939,1983,3
1965,2000,3
1965,1985,3
1923,1927,3
1943,1983,3
1913,1934,3
1932,1974,3
1902,1925,3
2105,2167,3
2177,2196,3
2257,2286,3
2210,2292,3
2210,2270,3
2223,2282,3
2223,2262,3
2214,2242,3
2230,2248,3
2231,2240,3
2211,2228,3
2206,2290,3
2222,2295,3
2234,2238,3
2244,2286,3
2478,2497,3
2436,2443,3
2410,2485,3
2497,2498,3
2539,2551,3
2541,2561,3
2554,2563,3
2510,2554,3
2613,2699,3
2746,2770,3
2809,2862,3
3075,3093,3
3101,3175,3
3104,3184,3
3162,3191,3
232,3157,3
204,613,3
226,605,3
248,3186,3
366,3493,3
3974,3978,3
4043,4100,3
4005,4036,3
4033,4058,3
4033,4098,3
4026,4036,3
4059,4080,3
4027,4028,3
4014,4027,3
4014,4093,3
2152,3154,3
246,3154,3
2568,3123,3
275,2600,3
244,3491,3
286,760,3
4317,4375,3
4335,4366,3
4356,4390,3
4355,4374,3
4313,4397,3
201,267,3
254,255,3
306,345,3
554,574,3
554,588,3
574,597,3
681,692,3
624,657,3
607,665,3
765,789,3
744,794,3
722,725,3
777,789,3
757,779,3
735,745,3
741,777,3
767,796,3
718,748,3
844,851,3
812,823,3
804,832,3
862,881,3
894,897,3
879,899,3
1050,1080,3
1227,1228,3
1217,1273,3
1359,1393,3
1440,1488,3
638,698,3
804,891,3
331,1293,3
382,743,3
724,1044,3
341,721,3
364,785,3
750,1095,3
758,1035,3
730,1043,3
771,1044,3
369,1063,3
1576,1599,3
1912,1985,3
1978,1997,3
1924,1966,3
1927,1988,3
1909,1936,3
1905,1933,3
1906,1916,3
1941,1987,3
1934,1984,3
1917,1985,3
1917,1925,3
2117,2149,3
2178,2193,3
2127,2138,3
2138,2176,3
2257,2294,3
2201,2219,3
2223,2260,3
2232,2253,3
2226,2236,3
2204,2277,3
2290,2297,3
2206,2263,3
2225,2268,3
2238,2245,3
2205,2294,3
2267,2295,3
2249,2272,3
2459,2460,3
2452,2498,3
2469,2498,3
2427,2462,3
2526,2544,3
2531,2584,3
2563,2595,3
2528,2545,3
2603,2679,3
2809,2833,3
3024,3041,3
3046,3063,3
3152,3165,3
3184,3186,3
3116,3186,3
210,3180,3
645,3112,3
226,677,3
606,3109,3
1269,2697,3
1223,1544,3
1223,2667,3
755,3493,3
755,3447,3
3901,3916,3
3933,3978,3
4010,4080,3
281,3154,3
641,2186,3
2186,3172,3
275,443,3
255,2563,3
3122,3475,3
3122,3402,3
2197,3477,3
2197,3461,3
679,1023,3
679,746,3
218,3405,3
716,3198,3
368,3198,3
4311,4383,3
4361,4396,3
4342,4393,3
220,268,3
231,294,3
321,336,3
580,586,3
568,588,3
632,639,3
736,788,3
718,745,3
827,850,3
812,851,3
813,876,3
847,868,3
1009,1092,3
1446,1472,3
217,228,3
631,632,3
710,769,3
385,764,3
721,1072,3
368,778,3
726,1021,3
705,1095,3
750,1043,3
751,1044,3
392,734,3
749,1057,3
1504,1537,3
1501,1525,3
1524,1532,3
1977,1992,3
1925,2000,3
1925,1980,3
1910,1924,3
1921,1957,3
1921,1978,3
1901,1950,3
1956,1966,3
1928,1984,3
1931,1985,3
1963,1992,3
1953,1977,3
1945,1971,3
1945,1995,3
1915,1917,3
1915,1924,3
1915,1999,3
1957,1992,3
1913,1926,3
1908,1988,3
1975,1984,3
2139,2177,3
2139,2171,3
2156,2176,3
2237,2238,3
2284,2296,3
2201,2259,3
2201,2250,3
2250,2298,3
2251,2269,3
2247,2268,3
2209,2230,3
2211,2299,3
2290,2295,3
2221,2268,3
2206,2287,3
2207,2262,3
2241,2255,3
2245,2256,3
2216,2243,3
2246,2275,3
2425,2430,3
2441,2485,3
2427,2484,3
2451,2458,3
2430,2492,3
2547,2563,3
2527,2545,3
3041,3077,3
1299,1635,3
3128,3170,3
3105,3176,3
3113,3142,3
243,3104,3
660,3173,3
755,3463,3
364,3493,3
760,3463,3
3901,3940,3
3913,3933,3
3966,3980,3
4026,4045,3
247,3155,3
281,3155,3
218,655,3
641,2123,3
276,2503,3
1693,2522,3
274,2586,3
255,2522,3
3195,3471,3
772,2178,3
740,2199,3
247,3405,3
295,3440,3
4325,4375,3
4325,4393,3
4363,4368,3
4327,4383,3
266,280,3
339,375,3
335,357,3
348,352,3
438,441,3
550,588,3
613,659,3
604,638,3
715,787,3
777,794,3
805,859,3
833,876,3
812,845,3
813,897,3
868,876,3
823,881,3
852,862,3
859,874,3
1019,1086,3
1039,1085,3
1066,1078,3
1240,1278,3
1216,1235,3
1229,1271,3
1303,1307,3
1468,1499,3
1416,1468,3
605,625,3
715,725,3
711,782,3
718,777,3
1205,1232,3
1218,1292,3
382,792,3
354,727,3
368,731,3
341,795,3
785,1021,3
328,734,3
392,799,3
730,1051,3
733,1002,3
355,726,3
1501,1585,3
1907,1975,3
1910,1980,3
1981,1985,3
1962,1965,3
1973,1981,3
1929,1993,3
1904,1927,3
1952,1985,3
1978,1995,3
1924,1947,3
1968,1969,3
1950,1994,3
1911,1950,3
1934,1992,3
1972,1978,3
1933,1951,3
1917,1923,3
1965,1997,3
1965,1971,3
1903,1995,3
1908,1910,3
1975,1987,3
2102,2105,3
2102,2167,3
2177,2184,3
2237,2294,3
2201,2205,3
2220,2269,3
2230,2270,3
2233,2289,3
2255,2288,3
2236,2276,3
2292,2299,3
2221,2282,3
2205,2246,3
2205,2256,3
2243,2251,3
2260,2268,3
2458,2473,3
2447,2497,3
2410,2427,3
2410,2460,3
2438,2478,3
2531,2546,3
2644,2685,3
2627,2655,3
2603,2650,3
3011,3065,3
3021,3065,3
3137,3165,3
275,3117,3
205,698,3
230,3152,3
665,3141,3
369,1506,3
1023,3439,3
1056,3444,3
2106,3174,3
386,2527,3
1300,2560,3
276,2584,3
221,368,3
247,724,3
263,751,3
4311,4381,3
4370,4374,3
4350,4355,3
4312,4378,3
269,280,3
211,242,3
256,269,3
317,370,3
515,536,3
606,682,3
722,757,3
780,783,3
717,784,3
736,738,3
878,889,3
850,859,3
831,839,3
843,894,3
845,862,3
1022,1054,3
1215,1240,3
1255,1300,3
215,227,3
605,688,3
708,717,3
729,1021,3
341,763,3
315,766,3
773,1023,3
726,1044,3
313,731,3
313,762,3
797,1044,3
760,1051,3
395,750,3
324,721,3
749,1031,3
334,778,3
764,1025,3
1504,1509,3
1507,1569,3
1677,1699,3
1625,1682,3
1834,1874,3
1907,1988,3
1942,1987,3
1910,1986,3
1910,1958,3
1914,1961,3
1929,1935,3
1904,1928,3
1904,1962,3
1920,1945,3
1920,1985,3
1937,1956,3
1935,1991,3
1931,1996,3
1946,1964,3
1971,1982,3
1911,1931,3
1939,1941,3
1932,1976,3
1932,1993,3
1903,1986,3
1902,1903,3
2176,2192,3
2139,2164,3
2174,2194,3
2128,2152,3
2166,2194,3
2227,2244,3
2201,2256,3
2201,2215,3
2201,2204,3
2217,2220,3
2226,2287,3
2204,2209,3
2215,2219,3
2239,2281,3
2225,2249,3
2207,2264,3
2425,2427,3
2441,2450,3
2427,2485,3
2427,2458,3
2538,2560,3
2546,2547,3
2612,2698,3
266,3192,3
274,645,3
243,3123,3
658,3146,3
226,3199,3
680,3104,3
692,3141,3
231,660,3
1576,2697,3
724,3411,3
751,3463,3
366,3439,3
4023,4026,3
4028,4068,3
4006,4041,3
4039,4068,3
2197,3155,3
292,655,3
290,3174,3
649,2106,3
611,2527,3
1645,3180,3
682,1232,3
603,1001,3
3151,3414,3
3188,3471,3
763,2197,3
4304,4365,3
4343,4374,3
269,299,3
205,234,3
243,283,3
358,379,3
580,592,3
556,563,3
670,695,3
732,765,3
742,782,3
827,841,3
801,865,3
832,891,3
1047,1081,3
1020,1039,3
1067,1075,3
1086,1098,3
1008,1040,3
1259,1292,3
1225,1240,3
837,838,3
1223,1227,3
734,1053,3
341,743,3
743,1073,3
762,1044,3
755,1045,3
395,737,3
716,1025,3
330,795,3
330,755,3
305,707,3
727,1025,3
1544,1595,3
1506,1553,3
1635,1686,3
1619,1677,3
1949,1967,3
1925,1976,3
1967,1974,3
1982,1997,3
1914,1927,3
1912,1913,3
1964,1966,3
1904,1915,3
1987,1990,3
1930,1949,3
1985,1990,3
1951,1990,3
1909,1997,3
1905,1988,3
1946,1997,3
1919,1977,3
1944,1965,3
1971,1978,3
1971,1995,3
1938,1965,3
1945,1968,3
1926,1951,3
1933,1940,3
1913,1970,3
1903,1915,3
2157,2177,3
2186,2193,3
2128,2199,3
2166,2176,3
2112,2146,3
2210,2228,3
2223,2276,3
2247,2255,3
2209,2234,3
2233,2252,3
2233,2292,3
2255,2268,3
2231,2286,3
2217,2298,3
2226,2291,3
2269,2289,3
2288,2295,3
2254,2264,3
2229,2285,3
2229,2277,3
2246,2277,3
2405,2454,3
2447,2498,3
2545,2551,3
2560,2565,3
2515,2575,3
2822,2862,3
3019,3089,3
3019,3077,3
3077,3087,3
3137,3184,3
3118,3168,3
3127,3145,3
3104,3165,3
3146,3158,3
294,659,3
670,3169,3
670,3178,3
688,3146,3
1228,1561,3
4042,4080,3
4021,4023,3
4008,4015,3
4010,4059,3
295,696,3
246,2123,3
696,3188,3
628,3122,3
215,2510,3
1645,2560,3
401,2830,3
3195,3483,3
246,3402,3
246,701,3
1023,3195,3
4317,4334,3
4360,4386,3
4302,4386,3
4359,4379,3
4374,4390,3
4355,4358,3
371,393,3
570,597,3
585,592,3
508,554,3
652,672,3
646,688,3
618,632,3
645,657,3
765,787,3
757,787,3
736,783,3
728,788,3
839,847,3
865,895,3
819,831,3
813,891,3
813,889,3
813,870,3
1040,1067,3
1030,1054,3
1008,1067,3
1257,1285,3
1440,1499,3
117,187,3
612,685,3
625,698,3
710,796,3
710,767,3
708,782,3
1215,1285,3
391,1292,3
382,701,3
385,750,3
374,786,3
768,1043,3
330,763,3
1524,1599,3
1553,1599,3
1983,1995,3
1925,1969,3
1921,1923,3
1921,1962,3
1982,1996,3
1914,1938,3
1912,1998,3
1929,1978,3
1904,1972,3
1952,1955,3
1986,2000,3
1927,1989,3
1922,1958,3
1905,1943,3
1937,1946,3
1916,1968,3
1992,1995,3
1963,1999,3
1919,1958,3
1919,1991,3
1971,1989,3
1971,1999,3
1976,1990,3
1915,1929,3
1915,1981,3
1918,1929,3
1911,1970,3
1941,1997,3
1936,1946,3
1934,1976,3
1972,1979,3
1917,1967,3
1994,1995,3
1908,1917,3
1975,1994,3
2108,2170,3
2118,2146,3
2161,2192,3
2156,2195,3
2253,2286,3
2210,2232,3
2224,2298,3
2224,2257,3
2273,2281,3
2284,2293,3
2220,2265,3
2251,2274,3
2251,2285,3
2202,2292,3
2228,2252,3
2231,2234,3
2211,2292,3
2221,2287,3
2205,2265,3
2235,2262,3
2447,2460,3
2452,2496,3
2462,2484,3
2407,2443,3
2451,2492,3
2503,2567,3
2544,2561,3
2603,2629,3
3076,3089,3
3118,3170,3
3158,3192,3
3116,3175,3
3157,3171,3
3146,3186,3
624,3169,3
294,3178,3
275,3132,3
276,659,3
212,3169,3
369,1581,3
755,3436,3
701,3411,3
1023,3493,3
4006,4082,3
4008,4026,3
673,3188,3
2106,3195,3
451,611,3
293,2563,3
610,1300,3
255,2521,3
430,3063,3
2152,3475,3
221,3483,3
286,364,3
1053,3159,3
247,772,3
4324,4379,3
4312,4386,3
117,130,3
365,375,3
356,384,3
335,387,3
427,443,3
605,665,3
714,742,3
745,775,3
722,789,3
722,798,3
777,780,3
718,754,3
812,894,3
812,881,3
843,884,3
811,850,3
810,879,3
916,937,3
1037,1047,3
1085,1088,3
1250,1278,3
1224,1246,3
1220,1248,3
1362,1388,3
1087,1268,3
1446,1488,3
126,195,3
215,242,3
711,756,3
823,837,3
398,1288,3
398,1250,3
382,760,3
747,1023,3
719,1029,3
309,750,3
309,729,3
366,721,3
330,709,3
333,1212,3
1550,1590,3
1625,1637,3
1882,1886,3
1949,1951,3
1960,1971,3
1907,1991,3
1925,1961,3
1967,1994,3
1921,1956,3
1958,1968,3
1988,1990,3
1904,1929,3
1904,1983,3
1954,1961,3
1955,1992,3
1968,1978,3
1928,1958,3
1916,1932,3
1946,1995,3
1919,1989,3
1915,1997,3
1911,1913,3
1926,1963,3
1933,1952,3
1939,1987,3
1917,1987,3
1913,1939,3
1932,1998,3
2101,2161,3
2113,2166,3
2103,2196,3
2164,2180,3
2164,2196,3
2125,2147,3
2227,2246,3
2237,2289,3
2273,2297,3
2220,2244,3
2214,2299,3
2209,2283,3
2204,2219,3
2218,2232,3
2279,2290,3
2213,2244,3
2203,2205,3
2244,2269,3
2243,2252,3
2326,2328,3
2452,2454,3
2425,2438,3
2404,2459,3
2438,2462,3
2663,2682,3
2612,2654,3
3024,3046,3
391,1602,3
3183,3197,3
293,605,3
215,646,3
368,3438,3
3904,3974,3
4033,4100,3
4026,4096,3
4004,4074,3
4049,4098,3
292,3155,3
602,2178,3
290,2152,3
2538,3192,3
398,2830,3
1662,2887,3
2152,3440,3
218,3475,3
746,2178,3
292,746,3
2153,3410,3
4335,4358,3
4386,4400,3
4334,4390,3
350,370,3
348,371,3
542,597,3
507,588,3
627,698,3
666,672,3
664,666,3
685,691,3
779,794,3
757,784,3
736,744,3
741,770,3
848,872,3
827,862,3
876,881,3
804,865,3
849,884,3
944,969,3
1040,1049,3
1022,1075,3
1216,1250,3
215,296,3
838,878,3
374,773,3
341,751,3
381,729,3
313,768,3
795,1057,3
795,1001,3
786,1026,3
324,712,3
330,704,3
305,734,3
727,1035,3
737,1045,3
763,1038,3
1092,1287,3
314,1236,3
1524,1553,3
1553,1589,3
1525,1558,3
1983,1987,3
1910,1962,3
1914,1924,3
1914,1952,3
1962,1969,3
1904,1985,3
1904,1942,3
1930,1946,3
1955,1965,3
1909,1987,3
1905,1969,3
1937,1964,3
1963,1977,3
1944,1952,3
1953,1990,3
1945,1954,3
1915,1995,3
1933,1997,3
1939,1972,3
1917,1959,3
1903,1924,3
1902,1939,3
2171,2172,3
2180,2195,3
2128,2153,3
2117,2194,3
2112,2167,3
2217,2245,3
2242,2243,3
2206,2276,3
2286,2292,3
2213,2294,3
2203,2213,3
2249,2267,3
2260,2263,3
2216,2269,3
2427,2498,3
2404,2452,3
2451,2469,3
2643,2648,3
3158,3199,3
3110,3170,3
3109,3169,3
624,3137,3
1587,2608,3
1587,2667,3
760,3451,3
366,3461,3
3913,3930,3
3908,3966,3
673,2105,3
218,3134,3
650,2568,3
299,2600,3
1299,2887,3
3182,3421,3
221,740,3
218,724,3
3151,3413,3
3188,3402,3
4317,4335,3
4328,4370,3
4356,4381,3
4356,4378,3
228,288,3
293,296,3
303,375,3
375,387,3
522,575,3
556,578,3
650,657,3
610,660,3
681,693,3
715,756,3
753,784,3
811,833,3
1037,1063,3
1245,1250,3
1237,1263,3
1224,1275,3
1472,1486,3
231,248,3
307,312,3
717,720,3
710,718,3
811,878,3
837,844,3
838,870,3
703,1001,3
315,763,3
315,727,3
793,1095,3
739,1073,3
797,1025,3
740,1045,3
366,785,3
330,773,3
727,1029,3
1964,1985,3
1929,1938,3
1951,1963,3
1905,1942,3
1969,1999,3
1919,1933,3
1944,1988,3
1984,1985,3
1915,1939,3
1918,1941,3
1918,1987,3
1911,1992,3
1926,1930,3
1943,1992,3
1913,1930,3
1913,1942,3
1932,1957,3
2132,2167,3
2128,2183,3
2104,2178,3
2127,2171,3
2233,2237,3
2228,2275,3
2255,2271,3
2221,2261,3
2234,2258,3
2243,2274,3
2216,2274,3
2405,2469,3
2452,2458,3
2451,2454,3
2525,2565,3
2546,2570,3
2613,2674,3
3119,3168,3
3162,3184,3
624,3186,3
622,3137,3
1014,1506,3
4027,4082,3
649,3174,3
628,3159,3
443,2521,3
1693,3180,3
3182,3477,3
724,3193,3
3195,3491,3
3195,3461,3
609,3414,3
1001,3188,3
272,3477,3
3151,3436,3
1095,3188,3
4304,4374,3
4370,4378,3
4379,4398,3
4319,4356,3
4312,4400,3
4312,4375,3
4329,4362,3
226,227,3
326,375,3
326,373,3
337,373,3
557,584,3
620,662,3
662,666,3
714,738,3
738,769,3
787,788,3
702,736,3
742,789,3
725,753,3
805,812,3
839,899,3
848,859,3
812,833,3
843,851,3
847,879,3
845,895,3
879,889,3
1003,1055,3
1039,1064,3
1030,1040,3
1235,1270,3
382,764,3
382,731,3
385,705,3
368,721,3
328,786,3
712,1001,3
751,1051,3
308,737,3
308,726,3
366,731,3
360,729,3
376,727,3
749,1095,3
771,1051,3
362,795,3
1042,1228,3
1942,1966,3
1910,1932,3
1910,1933,3
1901,1962,3
1901,1925,3
1966,1996,3
1929,1999,3
1904,1950,3
1951,1988,3
1968,1974,3
1920,1932,3
1920,1953,3
1909,1923,3
1905,1984,3
1937,1983,3
1906,1940,3
1906,1978,3
1947,1965,3
1947,1993,3
1919,1971,3
1919,1922,3
1953,1992,3
1938,1962,3
1976,1993,3
1915,1976,3
1911,1974,3
1911,1925,3
1936,1980,3
1936,1962,3
1934,1956,3
1926,1988,3
1926,1991,3
1933,1938,3
1917,1962,3
1943,1976,3
1913,1917,3
1913,1927,3
1903,1945,3
1903,1993,3
1908,1972,3
2101,2174,3
2133,2184,3
2117,2157,3
2147,2199,3
2271,2273,3
2210,2274,3
2210,2240,3
2224,2292,3
2270,2278,3
2230,2283,3
2247,2282,3
2233,2277,3
2215,2299,3
2286,2294,3
2213,2283,3
2203,2204,3
2205,2250,3
2207,2266,3
2268,2276,3
2459,2478,3
2443,2464,3
2503,2595,3
2544,2589,3
2515,2520,3
2604,2648,3
2681,2682,3
2603,2612,3
431,1240,3
624,3117,3
255,3137,3
283,657,3
212,601,3
606,3199,3
231,657,3
1212,2682,3
746,3479,3
1056,3451,3
752,3438,3
4023,4049,3
4008,4093,3
4027,4049,3
4036,4068,3
2123,3155,3
696,2123,3
650,1693,3
2197,3444,3
701,3198,3
218,772,3
609,3491,3
295,364,3
3159,3483,3
4317,4400,3
4335,4372,3
4314,4317,3
4328,4383,3
4319,4383,3
4313,4355,3
4375,4390,3
4372,4375,3
141,177,3
269,293,3
214,217,3
620,621,3
606,693,3
670,692,3
665,677,3
732,754,3
732,784,3
867,894,3
801,894,3
801,848,3
813,845,3
845,849,3
902,944,3
1058,1099,3
1010,1040,3
1235,1245,3
415,440,3
742,800,3
718,735,3
827,895,3
838,852,3
1087,1289,3
368,785,3
703,1002,3
752,1026,3
712,1057,3
761,1038,3
305,743,3
355,737,3
1506,1599,3
1652,1696,3
1979,1994,3
1949,1956,3
1949,1990,3
1958,1990,3
1901,1935,3
1966,1980,3
1987,1993,3
1927,1982,3
1922,2000,3
1922,1969,3
1922,1982,3
1937,1938,3
1928,1933,3
1916,1948,3
1916,1982,3
1906,1909,3
1906,1910,3
1947,1994,3
1915,1978,3
1911,1993,3
1934,1938,3
1926,1927,3
1917,1930,3
1917,1988,3
1923,1950,3
1903,1908,3
1903,1985,3
1908,1973,3
1902,1964,3
2103,2157,3
2273,2295,3
2248,2286,3
2261,2264,3
2251,2280,3
2211,2224,3
2204,2244,3
2212,2255,3
2212,2266,3
2241,2249,3
2405,2492,3
2458,2485,3
2429,2485,3
2525,2538,3
2648,2673,3
2833,2897,3
2830,2897,3
2813,2830,3
3119,3125,3
3141,3191,3
3128,3142,3
232,611,3
243,645,3
684,3132,3
688,3117,3
1053,3451,3
1001,3463,3
366,3440,3
374,3463,3
763,3476,3
3940,3941,3
3914,3989,3
4038,4081,3
4008,4100,3
263,673,3
248,2521,3
275,2510,3
212,2546,3
3193,3491,3
3167,3475,3
1053,2152,3
272,740,3
4325,4335,3
4302,4311,3
4368,4390,3
4372,4390,3
219,220,3
536,580,3
525,578,3
652,667,3
612,662,3
765,783,3
787,790,3
722,736,3
713,722,3
741,783,3
775,776,3
756,769,3
754,787,3
813,879,3
926,986,3
934,986,3
1042,1081,3
1047,1078,3
1003,1052,3
1285,1292,3
1246,1275,3
1215,1239,3
1225,1237,3
717,723,3
378,706,3
315,764,3
381,716,3
381,709,3
313,795,3
313,785,3
706,1007,3
376,721,3
362,747,3
707,1023,3
314,1063,3
1942,1992,3
1914,1929,3
1912,1978,3
1912,1952,3
1912,1988,3
1929,1967,3
1954,1968,3
1930,1977,3
1922,1972,3
1909,1945,3
1905,1939,3
1937,1987,3
1937,1942,3
1974,1982,3
1947,1974,3
1940,1957,3
1938,1957,3
1938,1953,3
1945,1982,3
1915,1927,3
1939,1965,3
1913,1965,3
1908,1915,3
1902,1909,3
2171,2195,3
2151,2178,3
2127,2157,3
2237,2245,3
2237,2259,3
2223,2267,3
2217,2242,3
2258,2299,3
2298,2299,3
2213,2253,3
2234,2248,3
2260,2284,3
2216,2227,3
2246,2269,3
2246,2283,3
2485,2498,3
2407,2430,3
2539,2595,3
2547,2573,3
2568,2595,3
2643,2644,3
2624,2626,3
3021,3046,3
3127,3169,3
3104,3107,3
3135,3197,3
3117,3173,3
293,680,3
1042,1504,3
1023,3463,3
752,3436,3
759,3439,3
716,3446,3
1095,3447,3
3913,3941,3
3940,3966,3
3905,3934,3
4026,4027,3
4006,4096,3
4049,4068,3
4008,4036,3
4027,4058,3
4016,4020,3
2153,3134,3
2106,3198,3
628,3198,3
611,2503,3
215,1693,3
684,2510,3
255,2576,3
724,3182,3
2197,3436,3
218,364,3
2183,3491,3
690,3410,3
4327,4400,3
227,271,3
337,383,3
322,343,3
588,595,3
618,662,3
631,694,3
738,776,3
783,784,3
872,897,3
831,894,3
806,897,3
802,889,3
974,991,3
1019,1080,3
1037,1066,3
1048,1098,3
1020,1041,3
1039,1099,3
1206,1215,3
1270,1292,3
1216,1286,3
1237,1299,3
1376,1388,3
1074,1299,3
1486,1491,3
323,390,3
307,316,3
312,383,3
1212,1230,3
1221,1275,3
747,1056,3
729,1045,3
755,1025,3
750,1056,3
795,1043,3
1008,1254,3
1595,1598,3
1639,1654,3
1960,1964,3
1942,1957,3
1925,1957,3
1921,1932,3
1958,1997,3
1901,1993,3
1962,1998,3
1929,1982,3
1904,1981,3
1954,1966,3
1954,1998,3
1959,1960,3
1927,1929,3
1937,1995,3
1916,1956,3
1974,1996,3
1911,1965,3
1941,1990,3
1908,1968,3
1908,1985,3
1908,1929,3
1948,1969,3
2147,2197,3
2253,2278,3
2227,2243,3
2224,2285,3
2201,2258,3
2201,2224,3
2289,2298,3
2248,2258,3
2248,2253,3
2220,2294,3
2202,2216,3
2255,2273,3
2217,2237,3
2218,2283,3
2293,2296,3
2212,2276,3
2205,2209,3
2207,2247,3
2216,2250,3
2407,2451,3
2514,2560,3
2521,2571,3
2654,2689,3
2862,2897,3
2918,2962,3
3078,3093,3
3123,3141,3
3119,3142,3
3104,3149,3
3128,3153,3
3128,3197,3
3112,3191,3
3109,3117,3
3145,3157,3
210,606,3
275,605,3
622,3146,3
229,3184,3
751,3493,3
739,3483,3
716,3438,3
3924,3978,3
4082,4093,3
4073,4098,3
4026,4098,3
4013,4059,3
292,2106,3
286,602,3
655,2183,3
696,2183,3
3122,3483,3
724,2183,3
2197,3440,3
2199,3436,3
679,1053,3
246,3444,3
746,2175,3
746,2152,3
4317,4381,3
4386,4390,3
4358,4363,3
4308,4363,3
227,266,3
234,296,3
234,273,3
348,361,3
414,430,3
401,435,3
427,490,3
550,584,3
557,580,3
657,693,3
660,693,3
612,672,3
783,787,3
878,894,3
819,872,3
812,865,3
801,867,3
810,845,3
804,812,3
862,874,3
823,862,3
1215,1273,3
1218,1278,3
711,767,3
1020,1098,3
1006,1068,3
374,707,3
341,707,3
793,1035,3
793,1044,3
309,703,3
328,721,3
392,749,3
366,749,3
761,1035,3
1024,1228,3
1538,1539,3
1977,1991,3
1907,1995,3
1983,1999,3
1914,1923,3
1914,1986,3
1901,1903,3
1970,1996,3
1929,1939,3
1954,1997,3
1930,1948,3
1927,1945,3
1927,1987,3
1951,1956,3
1968,1991,3
1920,1959,3
1909,1926,3
1935,1974,3
1928,1972,3
1906,1939,3
1919,1990,3
1944,1992,3
1915,1989,3
1980,1996,3
1941,1982,3
1936,1968,3
1934,1969,3
1934,1973,3
1926,1941,3
1932,1953,3
1903,1909,3
1948,1950,3
2001,2068,3
2102,2186,3
2113,2195,3
2103,2194,3
2164,2170,3
2106,2151,3
2127,2161,3
2202,2231,3
2266,2297,3
2231,2278,3
2217,2270,3
2208,2291,3
2218,2269,3
2215,2250,3
2206,2296,3
2225,2296,3
2205,2248,3
2205,2280,3
2485,2497,3
2573,2575,3
2547,2575,3
2561,2596,3
2589,2594,3
2627,2681,3
2654,2673,3
2628,2650,3
3046,3049,3
3104,3173,3
659,3123,3
232,3137,3
658,3169,3
611,3137,3
283,3173,3
333,2699,3
1095,3451,3
3924,3966,3
4005,4006,3
4006,4094,3
4079,4080,3
4064,4093,3
4036,4064,3
244,3174,3
263,655,3
451,2546,3
606,2531,3
606,2522,3
212,451,3
1625,2887,3
2152,3405,3
364,2186,3
4314,4348,3
4302,4327,3
4307,4324,3
273,280,3
273,299,3
212,271,3
234,283,3
303,390,3
343,353,3
357,367,3
528,595,3
521,542,3
536,592,3
613,645,3
646,682,3
632,689,3
765,769,3
715,798,3
720,732,3
745,770,3
736,779,3
769,782,3
839,867,3
822,862,3
823,870,3
1041,1048,3
1018,1041,3
1034,1082,3
1052,1090,3
1234,1275,3
1440,1445,3
1459,1468,3
728,738,3
711,783,3
811,899,3
823,847,3
1223,1276,3
374,719,3
309,716,3
706,1021,3
704,1026,3
308,758,3
376,792,3
330,768,3
701,1044,3
763,1035,3
317,1221,3
1532,1561,3
1961,1997,3
1961,1979,3
1949,1974,3
1907,1983,3
1914,1939,3
1914,1925,3
1966,1988,3
1966,1998,3
1927,1974,3
1909,1982,3
1905,1973,3
1928,1943,3
1928,1970,3
1906,1988,3
1945,1963,3
1945,1970,3
1980,1992,3
1936,1978,3
1934,1950,3
1934,1955,3
1933,1942,3
1923,1986,3
1948,1959,3
2133,2198,3
2112,2147,3
2121,2125,3
2177,2180,3
2257,2277,3
2284,2295,3
2251,2256,3
2263,2279,3
2263,2284,3
2231,2270,3
2242,2289,3
2204,2224,3
2206,2207,3
2206,2212,3
2206,2291,3
2239,2284,3
2225,2241,3
2235,2263,3
2244,2298,3
2259,2270,3
2447,2500,3
2413,2478,3
2443,2484,3
2425,2459,3
2436,2496,3
2436,2500,3
2464,2485,3
2584,2595,3
2663,2681,3
3059,3096,3
3005,3015,3
3046,3059,3
3101,3191,3
3127,3192,3
3119,3183,3
3110,3168,3
3157,3165,3
210,3132,3
243,684,3
670,3146,3
601,3199,3
333,1503,3
716,3411,3
763,3438,3
4028,4039,3
4015,4074,3
4016,4057,3
655,3198,3
2570,3104,3
2503,3192,3
684,2545,3
684,2586,3
425,3145,3
724,2186,3
218,3461,3
246,740,3
272,716,3
1095,2152,3
4311,4370,3
4360,4369,3
4314,4360,3
4363,4378,3
4338,4358,3
4324,4362,3
4356,4372,3
4355,4365,3
4308,4317,3
4313,4381,3
4342,4347,3
276,280,3
212,283,3
347,371,3
347,357,3
304,369,3
323,383,3
320,384,3
515,568,3
542,554,3
667,689,3
624,693,3
689,694,3
715,742,3
745,790,3
775,784,3
865,884,3
844,889,3
819,897,3
845,847,3
862,894,3
849,852,3
902,968,3
1058,1064,3
1032,1099,3
1040,1060,3
1206,1259,3
1250,1277,3
1230,1271,3
1235,1263,3
1220,1299,3
1409,1440,3
1445,1491,3
425,493,3
607,692,3
702,790,3
725,796,3
710,782,3
718,784,3
810,889,3
1015,1099,3
378,709,3
354,729,3
729,1026,3
315,772,3
313,772,3
766,1035,3
360,726,3
376,758,3
1506,1537,3
1662,1682,3
1921,1926,3
1901,1902,3
1973,1978,3
1970,1995,3
1929,1974,3
1954,1991,3
1924,1935,3
1985,1991,3
1909,1944,3
1928,1947,3
1950,1983,3
1992,1998,3
1969,1971,3
1946,1989,3
1963,1991,3
1936,1977,3
1939,1955,3
1939,1979,3
1965,1989,3
1923,1977,3
1903,1948,3
1903,1928,3
1903,1954,3
2127,2164,3
2147,2151,3
2220,2289,3
2233,2238,3
2228,2248,3
2255,2295,3
2242,2270,3
2218,2250,3
2215,2227,3
2221,2239,3
2221,2226,3
2287,2290,3
2222,2241,3
2234,2259,3
2430,2460,3
2527,2565,3
3024,3078,3
3021,3071,3
3075,3089,3
3112,3141,3
3171,3186,3
294,3132,3
294,3180,3
211,3157,3
293,698,3
276,3169,3
333,1506,3
740,3493,3
755,3475,3
1056,3439,3
739,3463,3
3913,3916,3
3908,3916,3
4014,4096,3
295,2106,3
218,2123,3
290,3172,3
290,3154,3
649,3195,3
628,2197,3
2586,3180,3
275,2563,3
1299,3063,3
2178,3402,3
603,3413,3
3122,3413,3
281,772,3
2199,3410,3
2183,3436,3
247,3436,3
3188,3421,3
690,772,3
4308,4314,3
4313,4374,3
4375,4400,3
4312,4328,3
4334,4338,3
4366,4390,3
273,274,3
326,372,3
405,471,3
528,568,3
515,537,3
607,657,3
723,789,3
789,790,3
754,779,3
848,899,3
1041,1085,3
1018,1048,3
1009,1047,3
1049,1067,3
1006,1010,3
1359,1388,3
1409,1486,3
518,523,3
708,713,3
811,881,3
391,1074,3
382,733,3
382,706,3
385,763,3
341,709,3
785,1035,3
785,1043,3
746,1021,3
712,1043,3
360,778,3
330,733,3
330,797,3
334,785,3
1509,1595,3
1961,1980,3
1961,1962,3
1979,1991,3
1907,1965,3
1942,1984,3
1910,1939,3
1914,1987,3
1901,1918,3
1904,1918,3
1904,1906,3
1904,1909,3
1978,1992,3
1924,1987,3
1955,1985,3
1955,1979,3
1920,1999,3
1920,1960,3
1909,1911,3
1909,1992,3
1928,1999,3
1928,1942,3
1916,1947,3
1916,1946,3
1947,1985,3
1911,1945,3
1941,1966,3
1913,1914,3
1908,1944,3
1902,1933,3
2138,2195,3
2227,2258,3
2210,2248,3
2210,2289,3
2223,2272,3
2247,2267,3
2247,2296,3
2247,2263,3
2282,2291,3
2211,2259,3
2242,2294,3
2252,2285,3
2221,2222,3
2212,2268,3
2213,2248,3
2241,2279,3
2219,2251,3
2315,2325,3
2405,2497,3
2427,2473,3
2438,2451,3
2571,2575,3
2514,2570,3
2515,2586,3
2643,2654,3
2830,2833,3
416,1652,3
3162,3171,3
3112,3145,3
610,3109,3
660,3184,3
255,3199,3
255,3178,3
275,3137,3
622,3162,3
212,615,3
333,1587,3
1269,1569,3
752,3402,3
759,3414,3
1001,3438,3
763,3479,3
4006,4008,3
292,673,3
292,2123,3
281,3174,3
218,602,3
641,3167,3
2563,3123,3
2584,3192,3
386,2534,3
274,2545,3
425,3116,3
430,2809,3
221,3413,3
289,3413,3
772,3114,3
218,3402,3
609,1095,3
716,2175,3
272,3414,3
4311,4366,3
4302,4366,3
4338,4390,3
4361,4379,3
4320,4345,3
4308,4397,3
4308,4347,3
4381,4400,3
229,294,3
216,267,3
372,387,3
346,387,3
359,400,3
639,662,3
639,685,3
714,782,3
738,784,3
723,745,3
713,738,3
742,748,3
833,895,3
874,895,3
878,881,3
822,889,3
812,868,3
870,894,3
884,897,3
806,878,3
810,874,3
845,889,3
862,899,3
916,965,3
1032,1080,3
1003,1050,3
1062,1082,3
1225,1235,3
1239,1277,3
1307,1359,3
1445,1468,3
223,232,3
208,234,3
208,229,3
802,827,3
802,833,3
382,762,3
385,771,3
747,1013,3
374,774,3
364,712,3
773,1007,3
797,1007,3
751,1045,3
781,1026,3
324,743,3
305,755,3
737,1095,3
334,747,3
400,1254,3
1022,1238,3
369,1212,3
1550,1563,3
1576,1595,3
1960,1976,3
1907,1923,3
1921,1927,3
1912,1967,3
1964,1978,3
1966,1992,3
1930,1939,3
1956,2000,3
1956,1996,3
1927,1997,3
1909,1917,3
1909,1951,3
1905,1919,3
1928,1962,3
1928,1982,3
1916,1997,3
1916,1987,3
1950,1961,3
1969,1970,3
1919,1928,3
1944,1994,3
1957,1969,3
1918,1978,3
1911,1914,3
1941,1977,3
1933,1946,3
1917,1954,3
1903,1937,3
2139,2149,3
2103,2164,3
2103,2198,3
2112,2191,3
2149,2177,3
2161,2180,3
2271,2300,3
2210,2275,3
2214,2270,3
2214,2224,3
2217,2294,3
2218,2294,3
2258,2286,3
2203,2274,3
2205,2217,3
2260,2276,3
2303,2315,3
2436,2452,3
2412,2447,3
2536,2561,3
2521,2527,3
2629,2673,3
2603,2656,3
2770,2794,3
3137,3199,3
3149,3157,3
3177,3197,3
3173,3192,3
3125,3148,3
3112,3116,3
3109,3152,3
255,646,3
1503,2699,3
314,1576,3
4043,4049,3
4028,4043,3
4004,4056,3
4027,4036,3
4039,4074,3
4014,4089,3
655,2175,3
221,628,3
215,1300,3
431,3063,3
218,3410,3
751,2183,3
247,3475,3
295,3410,3
2186,3444,3
4311,4393,3
4308,4311,3
4313,4366,3
4312,4314,3
4334,4360,3
4366,4368,3
242,274,3
209,284,3
226,242,3
212,296,3
316,356,3
456,493,3
648,697,3
645,681,3
714,736,3
735,775,3
769,779,3
769,783,3
708,753,3
848,870,3
827,844,3
843,868,3
1011,1020,3
1011,1097,3
1208,1232,3
1229,1269,3
1239,1273,3
1062,1232,3
403,491,3
508,592,3
725,728,3
382,752,3
378,729,3
743,1031,3
309,760,3
381,746,3
328,750,3
395,773,3
763,1043,3
1501,1550,3
1619,1682,3
1910,1972,3
1910,1946,3
1910,1935,3
1921,1958,3
1982,1992,3
1958,1992,3
1901,1948,3
1901,1904,3
1912,1947,3
1964,2000,3
1964,1970,3
1970,1997,3
1970,1981,3
1904,1959,3
1922,1935,3
1922,1973,3
1920,1963,3
1935,1994,3
1906,1927,3
1950,1978,3
1950,1990,3
1931,1965,3
1969,1982,3
1947,1978,3
1945,1984,3
1911,1930,3
1980,1995,3
1933,1941,3
1943,1996,3
1913,1978,3
1903,1916,3
1908,1952,3
2113,2161,3
2108,2149,3
2103,2200,3
2117,2166,3
2149,2157,3
2106,2147,3
2127,2177,3
2271,2287,3
2232,2265,3
2230,2250,3
2225,2276,3
2222,2264,3
2213,2285,3
2297,2300,3
2241,2288,3
2249,2291,3
2274,2280,3
2216,2244,3
2254,2268,3
2410,2497,3
2450,2469,3
2412,2492,3
2430,2447,3
2643,2656,3
2626,2650,3
2809,2868,3
3041,3093,3
3005,3059,3
3063,3078,3
391,1674,3
3148,3153,3
3135,3168,3
210,605,3
243,610,3
255,3117,3
1223,1561,3
1056,3447,3
3924,3941,3
4043,4045,3
4089,4100,3
4008,4038,3
2199,3154,3
218,3174,3
696,3159,3
2568,3104,3
2510,3104,3
1300,2567,3
2197,3475,3
772,2175,3
609,746,3
1001,2152,3
4338,4355,3
4397,4400,3
4307,4316,3
4343,4365,3
4343,4370,3
267,284,3
208,271,3
365,372,3
337,393,3
335,390,3
348,384,3
348,365,3
425,441,3
515,557,3
556,568,3
510,585,3
738,744,3
715,735,3
732,790,3
723,796,3
713,748,3
757,800,3
805,819,3
827,876,3
876,884,3
819,870,3
944,991,3
916,934,3
1011,1015,3
1015,1058,3
1273,1279,3
223,248,3
211,223,3
323,393,3
605,692,3
378,740,3
747,1021,3
747,1001,3
785,1025,3
313,771,3
706,1072,3
750,1013,3
768,1035,3
781,1023,3
701,1072,3
305,724,3
355,727,3
772,1043,3
334,750,3
1509,1553,3
1524,1561,3
1594,1598,3
1961,1986,3
1907,1944,3
1914,1917,3
1914,1963,3
1912,1923,3
1955,1994,3
1927,1983,3
1909,1934,3
1909,1954,3
1935,1999,3
1916,1980,3
1916,1999,3
1916,1973,3
1906,1999,3
1976,1999,3
1972,1992,3
1913,1973,3
1903,1964,3
2149,2196,3
2253,2292,3
2273,2293,3
2201,2252,3
2202,2214,3
2208,2221,3
2221,2223,3
2239,2249,3
2222,2296,3
2213,2252,3
2243,2244,3
2219,2283,3
2254,2297,3
2254,2262,3
2412,2485,3
2526,2589,3
2527,2547,3
2522,2528,3
2626,2679,3
2918,2955,3
3101,3199,3
3148,3197,3
275,3112,3
611,3162,3
248,646,3
215,3132,3
212,688,3
1581,2699,3
1287,1544,3
368,3463,3
1056,3463,3
4004,4006,3
4008,4098,3
4008,4041,3
4036,4041,3
641,2183,3
655,3154,3
649,3198,3
628,2178,3
255,2539,3
3198,3410,3
724,2178,3
286,3491,3
1095,2183,3
368,2186,3
368,609,3
2153,3444,3
4325,4327,3
4314,4343,3
4302,4383,3
4338,4400,3
4328,4375,3
4319,4334,3
242,275,3
229,254,3
230,294,3
271,275,3
227,242,3
234,280,3
372,375,3
335,352,3
438,444,3
515,595,3
518,542,3
507,550,3
604,682,3
682,684,3
611,657,3
689,697,3
714,800,3
720,782,3
745,767,3
735,767,3
827,859,3
841,851,3
804,867,3
851,899,3
1064,1098,3
1015,1055,3
1213,1221,3
1362,1368,3
210,211,3
307,320,3
307,384,3
631,697,3
916,999,3
385,793,3
752,1044,3
739,1051,3
392,727,3
360,747,3
749,1029,3
771,1002,3
737,1026,3
764,1026,3
1509,1599,3
1879,1886,3
1961,1984,3
1949,1994,3
1949,1964,3
1910,1940,3
1914,1950,3
1912,1997,3
1973,1984,3
1904,1984,3
1904,1930,3
1978,1987,3
1927,1949,3
1968,1994,3
1920,1992,3
1906,1941,3
1906,1914,3
1963,1997,3
1919,1999,3
1944,1955,3
1940,1970,3
1980,1981,3
1936,1966,3
1965,1995,3
1923,1975,3
1913,1931,3
1902,1977,3
2176,2180,3
2139,2194,3
2164,2194,3
2210,2242,3
2273,2284,3
2232,2274,3
2232,2256,3
2250,2289,3
2214,2233,3
2295,2297,3
2202,2243,3
2202,2294,3
2231,2274,3
2236,2300,3
2290,2293,3
2260,2293,3
2254,2284,3
2405,2467,3
2405,2485,3
2436,2460,3
2514,2576,3
2503,2531,3
2510,2525,3
2525,2546,3
2644,2689,3
2644,2654,3
2801,2803,3
3019,3093,3
3071,3075,3
3153,3177,3
3132,3191,3
275,659,3
1066,2608,3
314,1581,3
368,3451,3
3931,3978,3
4015,4041,3
4006,4074,3
4056,4098,3
215,2576,3
248,2567,3
490,684,3
490,606,3
430,3076,3
3122,3440,3
2197,3491,3
292,3440,3
4311,4365,3
4314,4342,3
4338,4381,3
4307,4379,3
4334,4343,3
217,267,3
345,389,3
318,396,3
414,435,3
536,575,3
659,681,3
741,798,3
708,754,3
805,823,3
833,852,3
841,874,3
801,806,3
845,879,3
802,845,3
832,878,3
927,999,3
1211,1275,3
212,234,3
208,215,3
601,677,3
718,789,3
838,876,3
382,773,3
382,785,3
760,1007,3
308,760,3
766,1044,3
324,795,3
376,751,3
376,762,3
330,774,3
792,1051,3
334,781,3
1504,1576,3
1524,1595,3
1562,1570,3
1977,1996,3
1949,1979,3
1921,1933,3
1929,1968,3
1929,1962,3
1924,1933,3
1955,1957,3
1909,1998,3
1928,1980,3
1928,1996,3
1950,1987,3
1931,1938,3
1947,1990,3
1957,1959,3
1918,1967,3
1923,1989,3
1943,1978,3
1932,1966,3
2031,2062,3
2139,2176,3
2117,2133,3
2273,2287,3
2233,2234,3
2231,2259,3
2208,2223,3
2258,2289,3
2221,2291,3
2207,2272,3
2281,2297,3
2219,2280,3
2429,2436,3
2404,2469,3
2451,2478,3
2412,2473,3
2412,2459,3
2521,2575,3
2520,2584,3
2868,2877,3
3039,3077,3
398,1602,3
3171,3191,3
657,3149,3
294,624,3
226,688,3
698,3192,3
230,665,3
215,605,3
1247,1598,3
1212,1507,3
1287,1542,3
739,3436,3
716,3476,3
4081,4100,3
4039,4049,3
690,2106,3
655,2178,3
649,3182,3
650,2563,3
471,2536,3
2877,3063,3
3195,3475,3
701,2186,3
740,3167,3
4311,4358,3
4355,4360,3
4308,4334,3
4313,4348,3
4329,4361,3
4365,4375,3
53,95,3
177,195,3
231,276,3
346,352,3
348,373,3
438,493,3
444,493,3
536,556,3
604,627,3
715,789,3
732,789,3
748,765,3
844,891,3
848,897,3
881,884,3
1218,1257,3
1356,1388,3
1303,1378,3
220,228,3
217,220,3
217,219,3
312,335,3
708,728,3
708,775,3
811,891,3
1018,1088,3
1006,1075,3
791,1026,3
381,759,3
731,1051,3
395,795,3
749,1045,3
362,703,3
1532,1553,3
1553,1569,3
1637,1654,3
1619,1654,3
1961,1990,3
1907,1937,3
1912,1919,3
1912,1949,3
1988,1995,3
1973,1999,3
1904,1987,3
1954,1983,3
1952,2000,3
1955,1977,3
1927,1937,3
1927,1968,3
1927,1996,3
1951,1980,3
1935,1944,3
1928,1973,3
1906,2000,3
1931,1958,3
1944,1964,3
1938,1990,3
1945,1976,3
1945,1991,3
1994,1999,3
1913,1955,3
1903,1969,3
1975,1989,3
1902,1995,3
2139,2150,3
2143,2195,3
2128,2191,3
2104,2183,3
2170,2184,3
2227,2285,3
2277,2294,3
2220,2275,3
2214,2289,3
2230,2238,3
2233,2270,3
2217,2280,3
2252,2265,3
2215,2238,3
2287,2288,3
2238,2299,3
2207,2297,3
2235,2291,3
2244,2283,3
2275,2294,3
2229,2257,3
2325,2328,3
2427,2492,3
2404,2438,3
2404,2406,3
2438,2485,3
2497,2500,3
2604,2679,3
2641,2682,3
3071,3096,3
3107,3186,3
657,3145,3
624,3199,3
204,3173,3
688,3157,3
1247,1542,3
1287,1576,3
1544,2681,3
755,3476,3
1056,3476,3
752,3414,3
1001,3411,3
3906,3924,3
4010,4079,3
4016,4042,3
4036,4089,3
4080,4099,3
628,2199,3
1682,3116,3
3198,3461,3
281,751,3
772,2197,3
679,3413,3
609,3402,3
286,3414,3
368,3167,3
4370,4400,3
4328,4366,3
4327,4374,3
239,288,3
230,275,3
227,276,3
340,349,3
550,568,3
738,789,3
720,770,3
723,788,3
717,741,3
805,872,3
827,832,3
812,879,3
801,868,3
811,812,3
847,874,3
849,891,3
1020,1080,3
1278,1286,3
1232,1272,3
1221,1246,3
1355,1359,3
1468,1491,3
208,211,3
615,645,3
1005,1082,3
331,1243,3
382,751,3
354,734,3
747,1002,3
364,703,3
324,793,3
763,1026,3
763,1051,3
1024,1269,3
1662,1686,3
1983,1989,3
1914,1983,3
1914,1991,3
1901,1953,3
1962,1995,3
1930,1942,3
1922,1983,3
1951,1968,3
1909,1984,3
1909,1999,3
1905,1986,3
1916,1955,3
1916,1966,3
1950,1992,3
1946,1986,3
1963,1998,3
1947,1954,3
1993,1994,3
1918,1998,3
1911,1944,3
1941,1958,3
1934,1996,3
1932,1945,3
1948,1989,3
1948,1999,3
2153,2167,3
2108,2198,3
2133,2161,3
2112,2128,3
2121,2151,3
2257,2269,3
2224,2256,3
2224,2233,3
2201,2246,3
2232,2250,3
2209,2277,3
2233,2243,3
2217,2259,3
2217,2283,3
2204,2253,3
2218,2275,3
2206,2208,3
2213,2269,3
2203,2243,3
2205,2286,3
2235,2293,3
2241,2276,3
2308,2335,3
2478,2498,3
2406,2407,3
2438,2460,3
2438,2452,3
2505,2561,3
1240,1625,3
3113,3135,3
3142,3170,3
232,3186,3
243,605,3
650,3186,3
293,3132,3
212,646,3
1581,2608,3
1287,2697,3
740,3476,3
733,3421,3
752,3440,3
4041,4089,3
4081,4093,3
4045,4064,3
4058,4093,3
602,2175,3
2153,3172,3
696,2199,3
451,2584,3
1645,2545,3
2521,3104,3
2803,3076,3
401,2887,3
3182,3461,3
286,763,3
4311,4313,3
4302,4400,3
4378,4397,3
4327,4334,3
4308,4383,3
4312,4356,3
4365,4390,3
217,268,3
215,273,3
335,372,3
490,495,3
618,652,3
648,662,3
601,613,3
720,769,3
732,756,3
745,780,3
728,790,3
872,878,3
847,852,3
917,926,3
1050,1097,3
1074,1091,3
1074,1083,3
1227,1276,3
1333,1355,3
307,323,3
823,833,3
832,833,3
927,937,3
382,799,3
734,1031,3
309,712,3
366,781,3
324,781,3
324,729,3
330,761,3
330,781,3
305,705,3
737,1013,3
737,1056,3
763,1045,3
799,1029,3
1507,1537,3
1532,1544,3
1525,1585,3
1910,1963,3
1982,1986,3
1982,1999,3
1901,1981,3
1962,1992,3
1973,1990,3
1970,1998,3
1929,1950,3
1929,1986,3
1904,1908,3
1904,1932,3
1904,1914,3
1924,1927,3
1920,1933,3
1920,1944,3
1905,1999,3
1906,1975,3
1906,1908,3
1938,1980,3
1938,1963,3
1945,1990,3
1918,1945,3
1933,1980,3
1923,1935,3
1903,1976,3
1903,1974,3
2101,2117,3
2101,2108,3
2171,2180,3
2157,2161,3
2150,2192,3
2103,2127,3
2112,2151,3
2183,2191,3
2202,2270,3
2221,2264,3
2205,2278,3
2205,2298,3
2267,2268,3
2281,2284,3
2274,2275,3
2216,2217,3
2315,2335,3
2417,2427,3
2438,2467,3
2626,2654,3
2641,2663,3
391,461,3
416,1602,3
461,1602,3
3101,3112,3
3107,3157,3
3136,3176,3
646,3137,3
243,680,3
650,3178,3
677,3104,3
1228,1569,3
1247,2697,3
759,3438,3
366,3463,3
4015,4049,3
4039,4064,3
4014,4064,3
246,2106,3
490,2521,3
3122,3490,3
244,751,3
246,3471,3
286,746,3
295,3405,3
4348,4366,3
4308,4355,3
4369,4372,3
4369,4383,3
248,296,3
230,248,3
254,296,3
323,347,3
568,595,3
508,556,3
667,697,3
648,652,3
631,691,3
841,852,3
804,823,3
859,879,3
859,899,3
1019,1099,3
1257,1292,3
1240,1264,3
1240,1257,3
711,794,3
1087,1220,3
382,786,3
378,797,3
378,739,3
778,1021,3
328,707,3
760,1038,3
758,1044,3
758,1025,3
360,750,3
799,1095,3
799,1025,3
1507,1544,3
1907,1993,3
1967,1975,3
1914,1943,3
1912,1989,3
1954,1962,3
1930,1959,3
1922,1944,3
1935,1982,3
1928,1934,3
1916,1940,3
1916,1964,3
1906,1945,3
1969,1991,3
1946,1951,3
1974,1997,3
1940,1974,3
1957,1985,3
1918,1933,3
1926,1979,3
1943,1997,3
1932,1984,3
1903,1953,3
1902,1929,3
2157,2192,3
2113,2177,3
2159,2191,3
2150,2200,3
2151,2197,3
2112,2125,3
2104,2199,3
2127,2149,3
2125,2146,3
2240,2257,3
2223,2297,3
2232,2259,3
2251,2278,3
2262,2264,3
2206,2282,3
2225,2282,3
2264,2291,3
2203,2286,3
2268,2288,3
2274,2283,3
2328,2334,3
2407,2467,3
2410,2417,3
2450,2451,3
2404,2443,3
2464,2500,3
2464,2478,3
2430,2485,3
2563,2584,3
2644,2650,3
2604,2698,3
3075,3084,3
3118,3135,3
3107,3173,3
3112,3175,3
3165,3191,3
3165,3173,3
3117,3158,3
3116,3132,3
3132,3199,3
232,680,3
232,3180,3
1014,2608,3
1023,3479,3
4068,4093,3
4026,4058,3
4026,4039,3
4049,4082,3
4059,4079,3
289,641,3
641,3193,3
2571,3192,3
248,2545,3
255,2560,3
444,1232,3
444,1682,3
431,3076,3
3198,3475,3
244,3405,3
2199,3414,3
701,2152,3
1053,2178,3
247,3477,3
2186,3402,3
3151,3461,3
4335,4386,3
4350,4372,3
4328,4335,3
4375,4386,3
4365,4372,3
248,269,3
220,267,3
318,350,3
352,367,3
310,343,3
431,471,3
556,597,3
510,584,3
620,664,3
618,691,3
610,613,3
601,638,3
765,776,3
788,796,3
736,753,3
728,754,3
767,777,3
839,851,3
844,897,3
831,867,3
804,862,3
851,884,3
1058,1086,3
1064,1071,3
1003,1039,3
1015,1071,3
1278,1288,3
1245,1292,3
1202,1213,3
1229,1247,3
612,694,3
710,800,3
708,714,3
1416,1486,3
381,755,3
716,1007,3
360,781,3
330,721,3
305,760,3
305,712,3
362,737,3
1524,1587,3
1503,1507,3
1625,1655,3
1907,2000,3
1921,1935,3
1964,1989,3
1973,1976,3
1954,1959,3
1955,1961,3
1951,1998,3
1905,1956,3
1905,1910,3
1916,1930,3
1931,2000,3
1919,1930,3
1944,1957,3
1938,1945,3
1945,1973,3
1945,1981,3
1939,1973,3
1917,1932,3
1903,1922,3
1903,1996,3
1948,2000,3
2102,2104,3
2277,2278,3
2232,2278,3
2276,2296,3
2233,2240,3
2231,2244,3
2221,2300,3
2212,2287,3
2234,2269,3
2203,2220,3
2249,2261,3
2246,2252,3
2246,2250,3
2437,2450,3
2405,2462,3
2413,2429,3
2407,2427,3
2407,2447,3
2404,2450,3
2412,2484,3
2526,2596,3
2505,2544,3
2655,2663,3
2628,2656,3
2711,2712,3
3041,3075,3
3039,3059,3
3116,3157,3
275,698,3
314,2697,3
1287,1598,3
1095,3476,3
4082,4100,3
4005,4027,3
4045,4094,3
4006,4027,3
4036,4073,3
690,2105,3
679,2106,3
290,679,3
386,611,3
451,2503,3
248,2570,3
276,2534,3
1639,3116,3
1023,3182,3
272,3490,3
263,3405,3
4347,4383,3
4302,4365,3
4328,4342,3
4374,4386,3
303,383,3
301,314,3
525,542,3
523,537,3
714,725,3
738,765,3
744,780,3
741,753,3
725,744,3
867,889,3
847,851,3
1071,1086,3
1006,1054,3
1472,1499,3
204,234,3
415,490,3
711,789,3
823,888,3
838,851,3
747,1035,3
341,701,3
786,1045,3
395,774,3
308,727,3
330,793,3
355,799,3
1544,1594,3
1643,1699,3
1942,1981,3
1925,1932,3
1910,1927,3
1982,1988,3
1914,1920,3
1988,1997,3
1970,1975,3
1904,1969,3
1930,1987,3
1930,1964,3
1978,1989,3
1931,1966,3
1984,1997,3
1932,1963,3
1932,1990,3
2038,2042,3
2152,2167,3
2176,2184,3
2121,2175,3
2240,2289,3
2271,2290,3
2210,2233,3
2276,2281,3
2250,2253,3
2247,2293,3
2209,2213,3
2202,2278,3
2233,2258,3
2208,2241,3
2290,2291,3
2218,2251,3
2265,2270,3
2206,2236,3
2213,2216,3
2267,2276,3
2235,2268,3
2245,2278,3
2219,2286,3
2413,2447,3
2450,2498,3
2503,2547,3
2528,2595,3
2525,2547,3
2655,2668,3
2918,2960,3
3049,3059,3
3116,3146,3
3116,3123,3
3113,3161,3
276,605,3
1587,2699,3
1247,2699,3
1544,2667,3
3905,3927,3
4033,4081,3
4026,4049,3
4004,4023,3
4045,4082,3
295,673,3
2105,3167,3
244,2123,3
218,628,3
290,2123,3
1300,2539,3
2531,3104,3
2505,3145,3
2391,2809,3
746,3188,3
4348,4369,3
4338,4383,3
4327,4366,3
216,239,3
205,283,3
204,248,3
230,280,3
264,266,3
356,372,3
337,384,3
316,384,3
657,658,3
631,662,3
782,789,3
770,798,3
713,717,3
805,850,3
827,870,3
812,852,3
843,881,3
811,837,3
811,827,3
849,881,3
1259,1299,3
1235,1286,3
1217,1235,3
1488,1491,3
607,615,3
728,736,3
708,796,3
827,897,3
806,811,3
378,758,3
719,1045,3
381,712,3
313,719,3
786,1044,3
395,726,3
733,1035,3
737,1031,3
1022,1221,3
343,1022,3
1674,1686,3
1960,1966,3
1983,2000,3
1942,1954,3
1910,1966,3
1982,1989,3
1970,1974,3
1952,1990,3
1927,1978,3
1922,1959,3
1968,1998,3
1920,1997,3
1909,1928,3
1909,1964,3
1916,1998,3
1931,1939,3
1969,1996,3
1946,1959,3
1947,1972,3
1947,1983,3
1940,1971,3
1945,1997,3
1957,1993,3
1943,1964,3
2133,2194,3
2166,2172,3
2253,2299,3
2262,2293,3
2247,2260,3
2263,2290,3
2291,2295,3
2218,2292,3
2215,2274,3
2256,2274,3
2225,2288,3
2234,2253,3
2241,2297,3
2259,2277,3
2259,2280,3
2260,2290,3
2246,2278,3
2417,2473,3
2443,2498,3
2425,2454,3
2425,2462,3
2644,2698,3
2822,2897,3
3118,3128,3
3105,3161,3
294,3192,3
226,3112,3
205,3112,3
1598,2674,3
772,3479,3
3924,3940,3
3965,3985,3
4046,4057,3
4005,4081,3
4005,4100,3
4081,4096,3
2178,3154,3
655,3134,3
443,2531,3
1682,2505,3
3122,3444,3
3198,3477,3
289,760,3
289,724,3
246,746,3
760,2175,3
2175,3414,3
247,368,3
2153,3414,3
4314,4372,3
4368,4374,3
4342,4375,3
228,268,3
215,264,3
318,353,3
350,353,3
312,339,3
544,588,3
732,777,3
702,741,3
742,790,3
725,738,3
767,790,3
865,867,3
844,867,3
819,874,3
811,822,3
1032,1071,3
1041,1080,3
1039,1050,3
1217,1245,3
717,732,3
718,728,3
806,823,3
382,724,3
385,774,3
315,747,3
731,1053,3
774,1026,3
733,1072,3
376,772,3
305,730,3
1504,1598,3
1607,1696,3
1977,1993,3
1979,1980,3
1949,1981,3
1983,1991,3
1942,1947,3
1942,1949,3
1925,1943,3
1925,1942,3
1914,1993,3
1962,1984,3
1906,1974,3
1919,1939,3
1944,1981,3
1971,1988,3
1971,1991,3
1945,1980,3
1936,1972,3
1934,1978,3
2075,2079,3
2240,2278,3
2202,2229,3
2258,2278,3
2296,2297,3
2206,2262,3
2239,2262,3
2267,2284,3
2243,2245,3
2249,2273,3
2216,2224,3
2514,2586,3
2525,2563,3
2627,2668,3
2656,2689,3
2613,2697,3
2610,2698,3
3076,3077,3
3137,3145,3
3118,3177,3
3141,3146,3
3105,3142,3
3132,3173,3
243,606,3
243,3157,3
204,3152,3
1066,1544,3
1228,2681,3
1287,1569,3
733,3446,3
1056,3413,3
752,3491,3
3916,3989,3
4038,4089,3
4038,4082,3
4015,4096,3
649,3193,3
281,3491,3
724,2152,3
740,3198,3
746,3114,3
247,3414,3
247,3461,3
4304,4400,3
4314,4378,3
4328,4358,3
4328,4386,3
4356,4360,3
4343,4350,3
283,296,3
274,296,3
208,254,3
372,390,3
361,375,3
320,365,3
335,348,3
430,476,3
627,688,3
620,663,3
660,681,3
601,659,3
738,790,3
702,738,3
748,796,3
753,754,3
741,789,3
805,844,3
819,832,3
1019,1088,3
1041,1055,3
1424,1488,3
522,525,3
607,681,3
607,698,3
708,720,3
813,832,3
806,827,3
902,937,3
382,709,3
309,752,3
1024,1287,3
1507,1524,3
1508,1563,3
1503,1524,3
1961,1994,3
1942,1978,3
1958,1964,3
1912,1979,3
1964,1976,3
1929,1972,3
1954,1972,3
1930,1953,3
1978,1985,3
1920,1934,3
1920,1971,3
1928,1946,3
1931,1995,3
1919,1981,3
1915,1950,3
1941,1965,3
1939,1960,3
1903,1952,3
1908,1950,3
2171,2177,3
2108,2138,3
2118,2151,3
2156,2171,3
2240,2298,3
2237,2269,3
2248,2265,3
2270,2294,3
2262,2268,3
2263,2293,3
2242,2245,3
2204,2228,3
2239,2272,3
2225,2239,3
2267,2288,3
2244,2259,3
2275,2289,3
2254,2276,3
2229,2233,3
2246,2256,3
2417,2425,3
2406,2447,3
2407,2410,3
2644,2673,3
2830,2870,3
3101,3178,3
3101,3162,3
3107,3178,3
615,3180,3
650,3132,3
294,677,3
231,3173,3
1569,2608,3
1014,2681,3
1212,1532,3
755,3411,3
364,3438,3
759,3475,3
771,3477,3
3904,3933,3
3931,3933,3
4068,4089,3
4006,4036,3
292,602,3
650,2531,3
650,2539,3
1645,2510,3
471,1232,3
471,3116,3
281,740,3
2197,3405,3
772,3159,3
218,3421,3
1001,2199,3
272,3405,3
763,2199,3
4314,4400,3
4313,4328,3
203,268,3
234,243,3
326,352,3
340,370,3
550,585,3
537,554,3
510,586,3
523,586,3
578,597,3
604,688,3
632,662,3
738,754,3
779,796,3
779,784,3
744,783,3
742,775,3
844,895,3
812,876,3
843,867,3
881,894,3
1030,1061,3
1257,1299,3
1216,1217,3
1247,1276,3
1225,1250,3
1217,1270,3
1355,1368,3
212,230,3
312,337,3
391,1273,3
1449,1488,3
773,1013,3
381,727,3
762,1045,3
762,1043,3
750,1057,3
750,1025,3
733,1038,3
360,793,3
376,761,3
305,799,3
727,1044,3
749,1025,3
362,758,3
1563,1570,3
1977,1983,3
1960,1968,3
1907,1936,3
1907,1985,3
1925,1998,3
1910,1956,3
1921,1938,3
1988,1992,3
1973,1980,3
1973,1979,3
1985,1989,3
1922,1965,3
1951,1965,3
1940,1990,3
1989,1999,3
1911,2000,3
1911,1983,3
1936,1987,3
1926,1947,3
1933,1963,3
1933,1973,3
1932,1979,3
2117,2192,3
2121,2153,3
2227,2229,3
2223,2254,3
2223,2225,3
2232,2246,3
2232,2243,3
2214,2294,3
2251,2258,3
2208,2276,3
2218,2253,3
2205,2277,3
2241,2266,3
2259,2299,3
2259,2278,3
2417,2497,3
2443,2460,3
2539,2565,3
2527,2600,3
2510,2565,3
2643,2689,3
2613,2667,3
2603,2643,3
3084,3096,3
3063,3065,3
3101,3117,3
3136,3197,3
3162,3178,3
659,3180,3
230,3171,3
1287,2608,3
755,3439,3
366,3410,3
374,3471,3
1095,3439,3
3904,3940,3
4082,4089,3
4005,4093,3
4063,4099,3
655,2197,3
1645,2522,3
2536,3145,3
398,2803,3
4348,4355,3
4347,4400,3
4314,4368,3
4350,4365,3
4386,4393,3
4313,4372,3
4312,4374,3
307,367,3
370,400,3
518,574,3
556,557,3
557,592,3
574,580,3
639,663,3
722,780,3
713,753,3
736,800,3
756,796,3
708,765,3
872,894,3
841,876,3
811,843,3
862,891,3
859,870,3
1050,1071,3
1052,1098,3
1248,1289,3
204,232,3
508,523,3
702,780,3
710,742,3
810,899,3
1015,1032,3
1228,1230,3
382,768,3
382,740,3
378,774,3
721,1013,3
341,750,3
726,1057,3
740,1038,3
376,701,3
772,1072,3
707,1038,3
1607,1656,3
1907,1972,3
1942,1982,3
1910,1993,3
1912,1986,3
1962,1972,3
1909,1994,3
1909,1968,3
1905,1954,3
1906,1960,3
1950,1989,3
1950,1974,3
1963,1976,3
1919,1972,3
1919,1925,3
1940,1952,3
1938,1970,3
1941,1959,3
1939,1984,3
1939,1992,3
1917,1957,3
1923,1997,3
1943,1957,3
1908,1978,3
1908,1925,3
1948,1985,3
2123,2128,3
2133,2149,3
2133,2139,3
2125,2199,3
2248,2250,3
2214,2218,3
2202,2283,3
2211,2252,3
2208,2287,3
2236,2279,3
2265,2299,3
2279,2281,3
2235,2282,3
2241,2268,3
2249,2281,3
2216,2238,3
2417,2484,3
2460,2485,3
2427,2450,3
2427,2447,3
2547,2567,3
2541,2596,3
2565,2570,3
2604,2650,3
2650,2673,3
2830,2840,3
3015,3024,3
3127,3199,3
294,3186,3
299,680,3
605,3112,3
611,3132,3
692,3152,3
4023,4100,3
4028,4056,3
4014,4045,3
246,673,3
263,2123,3
609,3172,3
649,3172,3
244,3440,3
701,2197,3
1095,3159,3
4370,4381,3
4338,4366,3
4356,4358,3
4312,4335,3
228,267,3
205,227,3
317,349,3
331,386,3
323,339,3
320,367,3
340,396,3
348,387,3
580,588,3
521,585,3
620,689,3
714,728,3
744,788,3
776,788,3
702,717,3
736,776,3
756,782,3
839,876,3
833,859,3
822,876,3
862,888,3
802,879,3
868,899,3
960,969,3
970,986,3
1240,1270,3
1255,1256,3
1279,1285,3
1307,1356,3
327,345,3
742,796,3
711,738,3
710,789,3
710,713,3
837,849,3
1223,1229,3
385,724,3
341,733,3
719,1001,3
315,778,3
759,1044,3
313,749,3
758,1053,3
308,704,3
308,719,3
766,1051,3
324,727,3
727,1072,3
792,1021,3
771,1035,3
737,1038,3
1558,1596,3
1907,1926,3
1907,1977,3
1910,1943,3
1921,1984,3
1901,1947,3
1912,1977,3
1954,1981,3
1922,1936,3
1951,1976,3
1935,1956,3
1950,1960,3
1947,1961,3
1944,1966,3
1940,1995,3
1915,1990,3
1918,1975,3
1941,1957,3
1941,1991,3
1939,1968,3
1939,1981,3
1923,1987,3
1902,1980,3
2102,2152,3
2167,2178,3
2139,2196,3
2150,2184,3
2105,2132,3
2143,2176,3
2118,2121,3
2250,2269,3
2220,2259,3
2220,2278,3
2214,2252,3
2215,2218,3
2264,2271,3
2212,2247,3
2212,2300,3
2244,2280,3
2243,2258,3
2436,2462,3
3019,3059,3
3101,3192,3
3148,3183,3
3105,3110,3
3108,3183,3
243,677,3
205,680,3
698,3109,3
1247,2608,3
733,3414,3
1023,3438,3
374,3411,3
3913,3989,3
4033,4043,3
4015,4094,3
4064,4100,3
290,3198,3
628,2186,3
215,2573,3
205,490,3
684,1693,3
275,2545,3
1645,2567,3
603,3490,3
281,3413,3
3195,3490,3
3195,3421,3
246,724,3
286,3483,3
1023,2183,3
4302,4342,3
4374,4378,3
4312,4360,3
4334,4355,3
209,267,3
201,214,3
323,367,3
337,357,3
521,580,3
720,736,3
745,769,3
777,796,3
757,775,3
702,745,3
728,776,3
805,881,3
926,991,3
1019,1090,3
1041,1064,3
1041,1058,3
1006,1030,3
1216,1240,3
208,299,3
415,443,3
523,595,3
810,888,3
385,707,3
374,729,3
703,1023,3
734,1021,3
785,1045,3
778,1044,3
793,1007,3
791,1073,3
773,1026,3
726,1051,3
705,1007,3
750,1051,3
758,1072,3
774,1035,3
330,734,3
1532,1581,3
1542,1595,3
1607,1686,3
1921,1976,3
1921,1983,3
1958,1999,3
1962,1970,3
1995,1996,3
1952,1966,3
1930,1988,3
1924,1975,3
1922,1925,3
1968,1988,3
1909,1990,3
1905,1906,3
1905,1935,3
1928,1941,3
1931,1990,3
1919,1960,3
1957,1988,3
1972,1997,3
1923,1945,3
1902,1904,3
2143,2149,3
2112,2132,3
2227,2298,3
2276,2282,3
2220,2238,3
2214,2220,3
2208,2288,3
2258,2275,3
2222,2281,3
2213,2214,3
2205,2251,3
2229,2251,3
2308,2328,3
2485,2500,3
2404,2425,3
2538,2567,3
2604,2644,3
2626,2643,3
3087,3096,3
3119,3148,3
283,3120,3
293,3199,3
276,688,3
276,3146,3
333,2655,3
1503,2655,3
1247,1581,3
755,3483,3
752,3479,3
3906,3933,3
4073,4100,3
4020,4099,3
4004,4049,3
4021,4073,3
4036,4096,3
215,2522,3
212,2515,3
3198,3440,3
289,751,3
364,3167,3
292,716,3
3188,3440,3
4335,4347,3
4356,4397,3
214,267,3
208,275,3
554,557,3
610,657,3
632,694,3
722,782,3
757,790,3
702,748,3
725,735,3
767,787,3
839,872,3
833,843,3
801,804,3
804,813,3
868,894,3
960,991,3
947,991,3
1048,1080,3
1055,1098,3
1087,1232,3
523,525,3
615,646,3
822,831,3
1215,1292,3
1449,1468,3
385,797,3
793,1029,3
309,774,3
309,721,3
759,1072,3
726,1013,3
795,1038,3
395,747,3
308,763,3
766,1007,3
305,727,3
772,1007,3
1581,1589,3
1607,1662,3
1949,1976,3
1960,1961,3
1910,1913,3
1967,1970,3
1914,1959,3
1959,1970,3
1952,1996,3
1955,1960,3
1922,1988,3
1909,2000,3
1937,1953,3
1935,1980,3
1950,1999,3
1992,1997,3
1969,1987,3
1953,1999,3
1945,1998,3
1918,1932,3
1911,1951,3
1911,1964,3
1911,1942,3
1941,1954,3
1972,1976,3
1933,1978,3
1965,1986,3
1943,1975,3
1943,1993,3
1932,1950,3
1932,1956,3
1908,1922,3
2042,2062,3
2166,2200,3
2118,2191,3
2118,2186,3
2149,2166,3
2251,2294,3
2247,2297,3
2263,2296,3
2202,2213,3
2202,2211,3
2255,2266,3
2215,2265,3
2238,2280,3
2203,2246,3
2207,2267,3
2216,2230,3
2254,2290,3
2405,2451,3
2405,2425,3
2454,2496,3
2407,2498,3
2436,2459,3
2410,2498,3
2538,2539,3
2547,2586,3
2643,2666,3
2629,2698,3
2629,2656,3
2946,2955,3
3041,3046,3
3137,3171,3
3127,3180,3
3107,3165,3
659,3132,3
646,3104,3
657,3184,3
255,615,3
622,3112,3
271,657,3
739,3475,3
760,3493,3
3941,3980,3
3914,3930,3
4096,4098,3
4008,4064,3
673,2183,3
673,2178,3
218,3172,3
443,2522,3
205,2521,3
684,2573,3
274,2521,3
2391,3063,3
3159,3414,3
364,2175,3
4363,4366,3
4359,4396,3
4319,4372,3
4343,4397,3
126,177,3
347,390,3
316,323,3
528,597,3
542,588,3
536,584,3
610,692,3
658,698,3
662,685,3
714,779,3
732,788,3
717,735,3
748,754,3
741,745,3
812,848,3
1256,1297,3
1225,1288,3
1225,1273,3
1237,1292,3
1229,1236,3
425,431,3
605,607,3
1217,1286,3
328,785,3
712,1025,3
366,758,3
1508,1550,3
1942,1985,3
1925,1983,3
1921,1981,3
1914,1971,3
1912,1980,3
1970,1971,3
1956,1995,3
1985,1997,3
1922,1980,3
1922,1957,3
1905,1960,3
1935,1978,3
1928,1997,3
1928,1968,3
1950,1995,3
1947,1987,3
1945,1989,3
1915,1921,3
1941,1942,3
1972,1987,3
1939,1944,3
1943,1966,3
1975,1978,3
1902,1945,3
1902,1987,3
2128,2167,3
2166,2171,3
2156,2198,3
2138,2200,3
2240,2286,3
2237,2283,3
2284,2287,3
2201,2232,3
2263,2297,3
2292,2294,3
2204,2258,3
2285,2292,3
2215,2283,3
2206,2284,3
2212,2262,3
2213,2219,3
2234,2274,3
2203,2283,3
2459,2500,3
2551,2568,3
2503,2600,3
2608,2627,3
3039,3093,3
3191,3192,3
3105,3135,3
3132,3152,3
294,684,3
226,615,3
283,3171,3
230,3120,3
248,3132,3
1544,2697,3
739,3411,3
3930,3955,3
3909,3934,3
3914,3955,3
4073,4074,3
4020,4046,3
4026,4089,3
218,2106,3
218,3155,3
649,2105,3
205,2522,3
740,3122,3
609,3483,3
609,716,3
760,3182,3
1023,3198,3
295,746,3
4318,4398,3
4350,4383,3
4319,4368,3
4355,4372,3
4308,4369,3
4312,4317,3
141,187,3
219,261,3
335,375,3
357,371,3
348,356,3
307,346,3
515,556,3
575,586,3
518,588,3
507,595,3
672,697,3
632,691,3
783,794,3
805,811,3
833,879,3
819,879,3
801,837,3
801,876,3
813,843,3
813,874,3
868,891,3
832,879,3
902,999,3
1052,1058,3
1238,1246,3
1217,1239,3
307,373,3
702,784,3
728,732,3
398,1273,3
743,1044,3
309,764,3
759,1025,3
712,1056,3
751,1025,3
707,1073,3
1803,1873,3
1979,1990,3
1949,1987,3
1949,1996,3
1983,1990,3
1921,1945,3
1914,1967,3
1956,1993,3
1924,1950,3
1924,1937,3
1922,1984,3
1937,1971,3
1935,1997,3
1928,1977,3
1906,1994,3
1931,1975,3
1915,1955,3
1918,1939,3
1936,1986,3
1972,1986,3
1975,1985,3
1902,1938,3
1948,1981,3
2038,2072,3
2101,2103,3
2113,2156,3
2227,2252,3
2237,2274,3
2201,2202,3
2214,2217,3
2230,2242,3
2247,2281,3
2217,2256,3
2218,2244,3
2218,2237,3
2221,2290,3
2245,2292,3
2219,2220,3
2229,2270,3
2405,2417,3
2438,2500,3
2547,2560,3
2527,2567,3
2503,2570,3
2627,2641,3
2656,2685,3
2641,2699,3
2628,2643,3
2870,2897,3
2813,2822,3
3024,3077,3
3076,3093,3
3039,3075,3
3049,3078,3
3168,3197,3
3108,3170,3
210,680,3
226,3117,3
368,3447,3
3978,3980,3
3908,3933,3
4041,4096,3
4033,4049,3
4036,4043,3
244,3172,3
602,3198,3
649,2186,3
1300,2573,3
276,2538,3
682,1637,3
289,3490,3
289,3444,3
751,2186,3
2175,3461,3
2183,3444,3
364,603,3
4311,4356,3
4317,4366,3
130,172,3
214,228,3
303,365,3
537,556,3
570,578,3
574,575,3
624,638,3
601,627,3
722,787,3
725,782,3
865,899,3
827,851,3
831,879,3
862,876,3
802,859,3
823,884,3
926,927,3
1206,1216,3
615,625,3
823,832,3
916,991,3
1239,1245,3
374,712,3
729,1035,3
341,797,3
315,731,3
395,778,3
733,1073,3
376,771,3
799,1023,3
1503,1589,3
1977,1995,3
1907,1945,3
1914,1965,3
1912,1922,3
1973,1995,3
1929,1969,3
1929,1931,3
1954,1969,3
1954,1995,3
1930,1955,3
1924,1944,3
1968,1980,3
1920,1951,3
1906,1984,3
1992,2000,3
1941,1983,3
1933,1936,3
1943,1954,3
1913,1945,3
1913,1988,3
2102,2132,3
2151,2191,3
2104,2118,3
2156,2192,3
2210,2299,3
2251,2299,3
2204,2231,3
2215,2280,3
2293,2300,3
2212,2273,3
2234,2252,3
2406,2478,3
2492,2498,3
2407,2454,3
2429,2492,3
2534,2573,3
2643,2673,3
2610,2626,3
3145,3199,3
3178,3184,3
3105,3168,3
660,3171,3
255,680,3
701,3446,3
751,3439,3
3913,3940,3
4033,4045,3
4004,4058,3
4006,4023,3
272,3134,3
602,2183,3
679,3172,3
290,3122,3
606,2576,3
274,2567,3
391,3076,3
701,2183,3
679,3410,3
746,3182,3
295,716,3
4317,4372,3
4360,4368,3
4307,4318,3
4358,4375,3
4369,4397,3
4366,4374,3
205,280,3
209,268,3
201,220,3
326,393,3
323,335,3
320,383,3
370,396,3
542,544,3
584,585,3
507,597,3
627,665,3
627,659,3
620,685,3
684,693,3
621,694,3
618,621,3
618,667,3
732,767,3
735,780,3
865,870,3
878,879,3
822,852,3
812,884,3
847,878,3
845,868,3
849,870,3
1064,1086,3
1227,1236,3
231,296,3
320,335,3
615,638,3
711,742,3
838,862,3
382,774,3
378,707,3
747,1073,3
341,712,3
719,1031,3
791,1002,3
791,1043,3
309,707,3
381,758,3
313,774,3
308,740,3
324,799,3
376,731,3
330,792,3
330,758,3
792,1035,3
707,1051,3
1008,1234,3
1569,1599,3
1570,1585,3
1524,1576,3
1949,2000,3
1907,1951,3
1907,1910,3
1910,2000,3
1930,1950,3
1924,1943,3
1927,1986,3
1920,1965,3
1909,1914,3
1906,1920,3
1950,1991,3
1931,1959,3
1947,1973,3
1919,1926,3
1971,1980,3
1957,1982,3
1936,1945,3
1936,1982,3
1934,1975,3
1933,1989,3
1933,1988,3
1917,1922,3
1923,1948,3
1913,1983,3
2017,2064,3
2072,2079,3
2108,2200,3
2143,2164,3
2184,2196,3
2125,2191,3
2240,2250,3
2210,2218,3
2223,2236,3
2223,2300,3
2214,2298,3
2209,2274,3
2217,2274,3
2211,2227,3
2283,2289,3
2203,2210,3
2249,2262,3
2219,2292,3
2272,2281,3
2260,2295,3
2254,2267,3
2406,2417,3
2484,2500,3
2450,2462,3
2430,2464,3
2503,2576,3
2624,2679,3
2803,2813,3
3021,3077,3
3021,3041,3
3137,3175,3
3146,3152,3
645,3132,3
293,3112,3
772,3463,3
366,3438,3
716,3493,3
3941,3989,3
3904,3989,3
4028,4064,3
4038,4098,3
4026,4056,3
4004,4082,3
4006,4039,3
4027,4045,3
4027,4068,3
4014,4082,3
4036,4045,3
606,2568,3
2539,3104,3
2830,3076,3
221,3405,3
2197,3483,3
272,1095,3
292,760,3
4317,4365,3
4314,4366,3
4302,4368,3
4372,4386,3
4342,4374,3
214,284,3
204,269,3
254,273,3
367,373,3
323,346,3
337,367,3
528,580,3
521,586,3
537,575,3
666,685,3
604,625,3
639,652,3
648,664,3
638,684,3
745,798,3
748,756,3
725,756,3
872,879,3
819,881,3
806,859,3
868,884,3
859,867,3
1011,1032,3
1215,1259,3
1218,1225,3
1218,1285,3
1217,1240,3
1378,1393,3
223,293,3
510,518,3
607,625,3
710,784,3
838,868,3
1225,1292,3
1005,1220,3
315,793,3
315,734,3
315,709,3
705,1038,3
705,1056,3
330,752,3
701,1025,3
727,1038,3
727,1095,3
799,1073,3
1537,1587,3
1576,1594,3
1949,1950,3
1910,1915,3
1958,1995,3
1912,1925,3
1966,1968,3
1904,1992,3
1954,1973,3
1987,1996,3
1922,1987,3
1928,1969,3
1947,1948,3
1919,1998,3
1944,1987,3
1944,1960,3
1953,1974,3
1918,1947,3
1911,1912,3
1941,1956,3
1936,1943,3
1934,1977,3
1965,1982,3
1943,1944,3
1908,1946,3
1908,1981,3
1902,1997,3
2133,2166,3
2121,2167,3
2170,2194,3
2201,2269,3
2214,2259,3
2270,2289,3
2228,2285,3
2228,2233,3
2217,2229,3
2217,2286,3
2242,2252,3
2218,2270,3
2215,2277,3
2238,2283,3
2268,2271,3
2274,2278,3
2275,2285,3
2216,2233,3
2425,2451,3
2441,2460,3
2527,2595,3
2565,2571,3
2528,2539,3
2654,2666,3
2712,2794,3
2940,2964,3
3015,3089,3
3005,3075,3
416,1662,3
3169,3186,3
3158,3178,3
3145,3169,3
3117,3141,3
294,670,3
665,3171,3
755,3438,3
760,3476,3
4068,4096,3
4056,4073,3
4014,4081,3
295,649,3
244,696,3
641,3134,3
2510,3180,3
1645,2576,3
401,3076,3
221,3421,3
3195,3440,3
3193,3405,3
3167,3490,3
292,3405,3
368,3195,3
4348,4365,3
4350,4358,3
4350,4386,3
4302,4355,3
4313,4368,3
4342,4386,3
205,231,3
243,271,3
326,337,3
435,459,3
432,491,3
537,568,3
595,597,3
507,575,3
715,754,3
735,769,3
735,789,3
753,794,3
725,754,3
848,868,3
848,881,3
878,884,3
850,884,3
843,859,3
845,859,3
1033,1098,3
1206,1235,3
1263,1278,3
1333,1359,3
307,372,3
507,522,3
715,728,3
813,827,3
703,1026,3
315,712,3
381,707,3
797,1035,3
781,1038,3
771,1045,3
771,1073,3
362,750,3
1092,1247,3
1550,1562,3
1537,1561,3
1508,1562,3
1508,1590,3
1619,1646,3
1907,1935,3
1958,1986,3
1901,1930,3
1966,1990,3
1904,1919,3
1904,1999,3
1959,1983,3
1930,1990,3
1927,1999,3
1968,1989,3
1968,1992,3
1906,1985,3
1931,1943,3
1931,1974,3
1947,1980,3
1919,1942,3
1957,1979,3
1911,1919,3
1941,1952,3
1934,1958,3
1926,1948,3
1972,1973,3
1939,1997,3
1923,1932,3
2133,2156,3
2143,2170,3
2149,2194,3
2253,2258,3
2261,2284,3
2251,2289,3
2262,2288,3
2263,2282,3
2282,2297,3
2255,2297,3
2231,2232,3
2226,2276,3
2258,2270,3
2212,2271,3
2235,2249,3
2241,2295,3
2272,2290,3
2437,2500,3
2462,2498,3
2443,2492,3
2515,2521,3
2673,2685,3
2610,2644,3
2960,2964,3
3021,3084,3
1240,1662,3
3168,3189,3
3152,3175,3
3135,3161,3
232,3123,3
615,3146,3
275,3109,3
226,680,3
248,659,3
606,3112,3
4039,4093,3
272,628,3
673,3198,3
602,2123,3
290,2197,3
628,3193,3
275,2573,3
2152,3461,3
289,772,3
3167,3461,3
263,364,3
263,701,3
4348,4358,3
4335,4374,3
4328,4378,3
4368,4386,3
4308,4400,3
4308,4327,3
255,280,3
264,293,3
356,390,3
367,384,3
405,432,3
405,441,3
542,563,3
664,685,3
615,680,3
631,664,3
631,666,3
720,756,3
720,744,3
732,775,3
744,779,3
741,769,3
844,850,3
801,849,3
849,867,3
1019,1041,3
1050,1058,3
1080,1099,3
1085,1086,3
1006,1040,3
1203,1256,3
1264,1299,3
1333,1376,3
1352,1359,3
211,230,3
430,435,3
711,732,3
827,899,3
1217,1288,3
1074,1288,3
391,1288,3
378,751,3
759,1038,3
313,705,3
781,1072,3
781,1043,3
704,1038,3
366,737,3
376,763,3
701,1002,3
737,1057,3
1538,1544,3
1504,1594,3
1525,1566,3
1949,1986,3
1949,1999,3
1925,1982,3
1910,1922,3
1901,1980,3
1929,1961,3
1930,1938,3
1930,1931,3
1924,1965,3
1985,1995,3
1922,1991,3
1905,1995,3
1935,1958,3
1931,1960,3
1919,1947,3
1971,1983,3
1940,1987,3
1938,1951,3
1993,1995,3
1976,1978,3
1957,1963,3
1917,1935,3
1943,1945,3
2201,2292,3
2220,2298,3
2209,2269,3
2202,2286,3
2255,2290,3
2204,2242,3
2269,2270,3
2238,2278,3
2238,2265,3
2212,2293,3
2278,2289,3
2216,2275,3
2328,2335,3
2425,2437,3
2427,2497,3
2667,2682,3
2809,2870,3
3084,3087,3
3087,3093,3
461,1674,3
3101,3165,3
3113,3128,3
3113,3118,3
1569,2681,3
1223,2697,3
1506,2681,3
368,3439,3
3904,3914,3
3933,3980,3
4028,4100,3
4006,4026,3
4021,4056,3
673,3195,3
281,2105,3
290,2186,3
655,3155,3
2106,3172,3
1300,2545,3
3195,3413,3
295,1095,3
292,1095,3
3151,3402,3
4360,4393,3
4304,4319,3
4304,4314,3
4359,4398,3
4313,4319,3
4313,4386,3
4345,4359,3
4342,4363,3
210,264,3
353,370,3
357,387,3
515,525,3
521,588,3
554,580,3
666,667,3
663,664,3
612,664,3
732,738,3
735,748,3
728,757,3
812,837,3
811,813,3
806,851,3
937,965,3
1245,1285,3
1355,1378,3
1446,1499,3
607,610,3
838,841,3
734,1023,3
315,750,3
364,781,3
791,1051,3
746,1007,3
381,750,3
730,1045,3
707,1035,3
1587,1594,3
1553,1576,3
1859,1886,3
1977,1998,3
1949,1959,3
1910,1951,3
1967,1976,3
1981,1993,3
1901,1907,3
1912,1941,3
1929,1965,3
1929,1997,3
1954,1958,3
1956,1987,3
1951,1953,3
1937,1986,3
1937,1988,3
1935,1965,3
1928,1994,3
1916,1927,3
1916,1977,3
1931,1933,3
1969,1988,3
1940,1979,3
1989,1992,3
1918,1942,3
1911,1927,3
1911,1960,3
1980,1997,3
1980,1999,3
1941,1960,3
1926,1956,3
1972,1982,3
1943,1948,3
1913,1987,3
1932,1997,3
1908,1984,3
1908,1937,3
2042,2068,3
2101,2127,3
2113,2133,3
2159,2186,3
2192,2195,3
2104,2153,3
2156,2200,3
2170,2177,3
2227,2245,3
2224,2278,3
2237,2253,3
2232,2280,3
2220,2242,3
2220,2251,3
2211,2270,3
2265,2294,3
2287,2297,3
2225,2267,3
2235,2239,3
2219,2258,3
2437,2484,3
2469,2497,3
2469,2473,3
2441,2473,3
2514,2545,3
2576,2595,3
2560,2575,3
2608,2613,3
2612,2689,3
2648,2698,3
2603,2698,3
2801,2813,3
3065,3075,3
3101,3146,3
3112,3162,3
684,3199,3
212,659,3
1223,1542,3
1053,3463,3
752,3444,3
4020,4042,3
4064,4094,3
2123,3134,3
673,3159,3
281,3134,3
696,2153,3
299,2560,3
610,2522,3
275,2522,3
2178,3471,3
3182,3405,3
221,724,3
751,3193,3
3193,3477,3
716,3114,3
3159,3421,3
4311,4386,3
4342,4366,3
266,269,3
352,372,3
367,387,3
361,387,3
312,348,3
510,557,3
652,685,3
744,765,3
722,738,3
741,775,3
711,717,3
839,891,3
813,850,3
804,831,3
862,868,3
1011,1080,3
1227,1247,3
1279,1299,3
1268,1299,3
1014,1037,3
378,799,3
378,730,3
724,1025,3
341,793,3
309,705,3
309,709,3
381,761,3
786,1021,3
786,1057,3
376,737,3
749,1007,3
737,1001,3
763,1044,3
1042,1271,3
1507,1538,3
1524,1537,3
1539,1587,3
1834,1873,3
1979,1984,3
1979,1993,3
1907,1986,3
1942,1951,3
1967,1993,3
1921,1970,3
1901,1932,3
1901,1926,3
1954,1975,3
1924,1960,3
1951,1955,3
1920,1989,3
1920,1954,3
1906,1923,3
1974,1998,3
1963,1988,3
1940,1977,3
1911,1921,3
1941,1985,3
1926,1959,3
1923,1939,3
1943,1989,3
1908,1939,3
1908,1997,3
1908,1918,3
1902,1974,3
1948,1974,3
2113,2196,3
2166,2184,3
2265,2286,3
2206,2226,3
2234,2257,3
2205,2229,3
2205,2215,3
2274,2299,3
2405,2447,3
2447,2454,3
2413,2473,3
2462,2473,3
2484,2496,3
2441,2464,3
2404,2430,3
2438,2459,3
2571,2600,3
2604,2626,3
3011,3075,3
3127,3152,3
3158,3175,3
3105,3119,3
3120,3178,3
3120,3157,3
645,3109,3
611,3186,3
680,3132,3
625,3173,3
1228,1598,3
333,2697,3
746,3493,3
746,3446,3
739,3402,3
3901,3906,3
3901,3924,3
3908,3941,3
4049,4073,3
4014,4023,3
4016,4063,3
673,2186,3
2515,3192,3
684,2522,3
274,1300,3
2560,3180,3
603,3483,3
603,3410,3
679,3477,3
246,751,3
3193,3444,3
286,3421,3
292,3491,3
4302,4370,3
4319,4327,3
4308,4390,3
4308,4328,3
201,217,3
310,350,3
306,327,3
323,352,3
337,375,3
320,373,3
451,495,3
544,584,3
537,592,3
522,574,3
570,586,3
720,788,3
732,798,3
748,798,3
812,847,3
813,848,3
849,868,3
1064,1085,3
1003,1086,3
1039,1055,3
1063,1081,3
1230,1236,3
1202,1224,3
1303,1333,3
1424,1440,3
710,728,3
710,720,3
708,722,3
804,876,3
1062,1268,3
382,793,3
385,781,3
385,751,3
378,746,3
374,778,3
719,1073,3
785,1031,3
785,1073,3
778,1002,3
743,1001,3
793,1002,3
755,1072,3
308,762,3
376,749,3
737,1002,3
355,793,3
772,1045,3
799,1045,3
1949,1953,3
1907,1918,3
1921,1943,3
1912,1917,3
1964,1969,3
1973,1992,3
1929,1956,3
1929,1960,3
1954,1979,3
1959,1972,3
1956,1985,3
1905,1962,3
1937,1977,3
1931,1972,3
1931,1976,3
1946,1971,3
1947,1977,3
1919,1974,3
1938,1943,3
1911,1956,3
1941,1963,3
1934,1985,3
1913,1984,3
1932,1987,3
1902,1963,3
2157,2176,3
2103,2176,3
2164,2192,3
2125,2178,3
2208,2249,3
2215,2243,3
2256,2259,3
2225,2290,3
2222,2225,3
2203,2294,3
2229,2289,3
2246,2258,3
2334,2378,3
2443,2473,3
2425,2441,3
2404,2436,3
2545,2546,3
2613,2627,3
3137,3173,3
3153,3164,3
3119,3189,3
3119,3197,3
3109,3149,3
3145,3175,3
624,3112,3
613,3184,3
283,3152,3
293,3178,3
212,645,3
1223,1569,3
755,3414,3
760,3439,3
374,3461,3
3940,3980,3
3906,3931,3
4074,4098,3
4023,4098,3
4038,4096,3
4004,4015,3
4049,4056,3
2123,3198,3
2105,3154,3
679,2105,3
263,649,3
221,641,3
248,443,3
244,3444,3
3182,3440,3
246,3421,3
286,3461,3
364,609,3
3114,3491,3
4347,4368,3
4350,4370,3
4319,4335,3
4368,4383,3
4327,4386,3
229,255,3
227,248,3
515,550,3
521,575,3
510,542,3
574,578,3
681,682,3
632,652,3
714,777,3
798,800,3
732,735,3
708,744,3
811,859,3
804,843,3
852,899,3
1018,1039,3
1052,1085,3
1063,1078,3
1285,1288,3
1307,1368,3
1409,1488,3
208,231,3
804,895,3
721,1007,3
368,703,3
341,755,3
785,1002,3
773,1057,3
381,763,3
705,1001,3
308,707,3
324,785,3
1967,1991,3
1912,1946,3
1970,2000,3
1904,1986,3
1954,1970,3
1905,1967,3
1928,1963,3
1916,1996,3
1946,1973,3
1963,1983,3
1919,1920,3
1919,1921,3
1940,1975,3
1940,1962,3
1957,1994,3
1911,1971,3
1941,1998,3
1943,1946,3
1913,1954,3
1903,1997,3
1903,1968,3
1903,1966,3
2176,2196,3
2132,2193,3
2237,2243,3
2201,2299,3
2223,2263,3
2251,2252,3
2252,2289,3
2234,2289,3
2205,2299,3
2243,2246,3
2315,2334,3
2496,2500,3
2404,2500,3
2547,2576,3
2521,2595,3
2663,2667,3
3148,3189,3
3149,3178,3
3112,3152,3
3161,3170,3
232,622,3
299,659,3
698,3178,3
606,3178,3
1014,1544,3
1053,3493,3
771,3402,3
4028,4094,3
4045,4096,3
4057,4079,3
602,2186,3
611,2584,3
299,2576,3
3198,3414,3
740,2197,3
263,3421,3
4363,4374,3
4328,4365,3
4324,4359,3
4307,4320,3
4343,4381,3
248,256,3
234,256,3
326,387,3
556,584,3
584,586,3
618,639,3
662,694,3
662,664,3
715,738,3
720,789,3
748,790,3
805,889,3
833,874,3
850,852,3
813,865,3
806,867,3
832,897,3
838,891,3
1032,1064,3
1050,1055,3
1022,1068,3
1205,1264,3
223,234,3
711,796,3
718,794,3
837,897,3
1018,1033,3
1449,1499,3
374,799,3
341,740,3
364,750,3
791,1044,3
381,797,3
328,793,3
758,1023,3
758,1021,3
314,1271,3
1553,1595,3
1979,1987,3
1942,1956,3
1942,1999,3
1967,1990,3
1912,1995,3
1966,1981,3
1970,1993,3
1929,1940,3
1954,1990,3
1922,1927,3
1931,1947,3
1946,1950,3
1946,1955,3
1944,2000,3
1915,1984,3
1915,1952,3
1934,1982,3
1926,1936,3
1933,1996,3
1917,1977,3
1965,1998,3
1902,1950,3
2196,2200,3
2139,2166,3
2143,2184,3
2117,2195,3
2112,2118,3
2127,2194,3
2240,2243,3
2227,2259,3
2257,2265,3
2224,2244,3
2228,2243,3
2255,2300,3
2258,2298,3
2258,2277,3
2234,2285,3
2203,2211,3
2207,2249,3
2244,2252,3
2244,2250,3
2326,2378,3
2429,2430,3
2427,2469,3
2554,2600,3
2525,2531,3
2546,2565,3
2840,2887,3
459,1635,3
3137,3162,3
3108,3153,3
3120,3162,3
243,3132,3
271,3120,3
276,645,3
1023,3451,3
771,3493,3
3913,3914,3
3909,3965,3
3908,3989,3
4015,4033,3
4006,4033,3
4039,4043,3
272,696,3
244,673,3
244,3154,3
679,2123,3
649,2152,3
248,1645,3
299,2545,3
490,1300,3
274,490,3
212,386,3
39,2391,3
724,3114,3
289,364,3
246,772,3
3167,3410,3
4311,4319,3
4316,4318,3
4363,4390,3
4302,4375,3
4302,4314,3
4313,4342,3
4375,4383,3
4365,4400,3
227,243,3
372,384,3
320,356,3
528,544,3
521,597,3
521,570,3
570,580,3
648,685,3
625,680,3
738,788,3
713,757,3
780,782,3
702,718,3
702,728,3
850,881,3
819,849,3
822,865,3
859,876,3
1011,1086,3
1206,1225,3
1352,1388,3
1355,1393,3
204,226,3
607,695,3
1205,1272,3
1062,1264,3
752,1007,3
743,1053,3
313,758,3
395,727,3
308,701,3
308,768,3
730,1007,3
376,773,3
701,1038,3
727,1045,3
763,1072,3
799,1007,3
799,1021,3
400,1221,3
1508,1558,3
1524,1581,3
1654,1677,3
1958,1991,3
1914,1980,3
1914,1954,3
1901,1994,3
1901,1959,3
1929,1936,3
1904,1921,3
1955,1963,3
1927,1957,3
1927,1979,3
1922,1989,3
1922,1951,3
1920,1972,3
1920,1947,3
1935,1998,3
1950,1954,3
1919,1959,3
1953,1989,3
1953,1984,3
1940,1955,3
1989,1996,3
1915,1971,3
1918,1969,3
1918,1930,3
1918,1959,3
1911,1946,3
1934,1952,3
1917,1984,3
1932,1958,3
1903,1918,3
1903,1981,3
1975,2000,3
1902,1965,3
1902,1988,3
1948,1984,3
1948,1986,3
2062,2068,3
2042,2075,3
2105,2121,3
2138,2192,3
2170,2174,3
2170,2198,3
2250,2265,3
2230,2243,3
2230,2231,3
2230,2289,3
2209,2214,3
2228,2269,3
2226,2296,3
2215,2234,3
2215,2252,3
2221,2271,3
2239,2295,3
2205,2230,3
2235,2254,3
2241,2267,3
2243,2248,3
2260,2264,3
2443,2497,3
2404,2496,3
3071,3078,3
204,3120,3
264,3173,3
755,3444,3
4042,4046,3
4049,4094,3
4056,4074,3
4014,4098,3
603,3174,3
221,696,3
221,3172,3
2106,3151,3
696,3193,3
628,2105,3
490,2539,3
2567,3123,3
603,3475,3
221,3402,3
679,3402,3
1053,3182,3
716,2183,3
247,1095,3
263,1053,3
4304,4390,3
205,229,3
210,271,3
264,273,3
231,269,3
326,367,3
323,387,3
570,584,3
650,693,3
646,693,3
720,748,3
722,756,3
722,788,3
741,788,3
805,832,3
827,849,3
801,878,3
889,899,3
934,970,3
1278,1299,3
1224,1254,3
208,296,3
710,715,3
1022,1030,3
378,781,3
341,778,3
328,727,3
726,1001,3
392,729,3
764,1007,3
343,1238,3
1507,1581,3
1506,1539,3
1961,1987,3
1942,1970,3
1910,1921,3
1958,1971,3
1914,1977,3
1901,1970,3
1901,1964,3
1901,1921,3
1904,1963,3
1987,1992,3
1930,1943,3
1956,1986,3
1978,1983,3
1916,1922,3
1950,1963,3
1974,1984,3
1940,1973,3
1993,1998,3
1936,2000,3
1936,1976,3
1934,1939,3
1926,1944,3
1933,1961,3
1939,1982,3
1939,1942,3
1908,1934,3
1948,1990,3
1948,1979,3
2172,2196,3
2167,2197,3
2132,2178,3
2280,2286,3
2201,2270,3
2230,2294,3
2230,2234,3
2266,2272,3
2217,2278,3
2204,2259,3
2264,2267,3
2264,2266,3
2213,2245,3
2205,2233,3
2235,2290,3
2245,2294,3
2243,2275,3
2243,2257,3
2254,2260,3
2406,2458,3
2436,2485,3
2527,2570,3
2527,2539,3
2629,2654,3
3024,3093,3
3019,3046,3
3176,3183,3
3145,3158,3
3157,3175,3
659,3112,3
255,677,3
205,3199,3
613,3173,3
665,3149,3
333,2681,3
1542,2608,3
755,3471,3
1056,3475,3
1001,3451,3
4041,4068,3
4033,4096,3
4063,4080,3
4008,4073,3
4039,4094,3
4056,4089,3
244,649,3
286,628,3
2106,3122,3
490,3123,3
471,3145,3
679,763,3
2186,3414,3
292,3402,3
4311,4335,3
4327,4378,3
269,283,3
209,228,3
210,280,3
212,269,3
232,273,3
339,352,3
356,367,3
352,387,3
337,339,3
307,365,3
528,574,3
521,522,3
563,575,3
650,682,3
691,697,3
757,796,3
728,780,3
839,894,3
839,843,3
872,889,3
841,889,3
819,847,3
831,843,3
822,867,3
801,862,3
801,872,3
806,845,3
881,897,3
851,868,3
927,965,3
917,968,3
1033,1055,3
1030,1094,3
1362,1376,3
1424,1449,3
1488,1499,3
208,212,3
403,431,3
612,632,3
711,754,3
729,1002,3
341,759,3
328,795,3
726,1026,3
768,1021,3
766,1043,3
737,1029,3
707,1007,3
343,1008,3
1042,1223,3
1538,1553,3
1977,1988,3
1979,1996,3
1960,1975,3
1960,1977,3
1907,1962,3
1942,1964,3
1925,1986,3
1921,1989,3
1958,1970,3
1901,1974,3
1904,1936,3
1956,1992,3
1956,1958,3
1978,1991,3
1924,1996,3
1922,1961,3
1951,1997,3
1920,1978,3
1916,1953,3
1906,1929,3
1931,1987,3
1945,1956,3
1915,1922,3
1957,1980,3
1957,1960,3
1918,1992,3
1939,1999,3
1917,1982,3
1913,1969,3
2117,2171,3
2121,2132,3
2170,2196,3
2227,2292,3
2210,2227,3
2204,2278,3
2215,2292,3
2221,2241,3
2256,2286,3
2239,2288,3
2264,2281,3
2264,2293,3
2212,2241,3
2212,2261,3
2207,2290,3
2417,2467,3
2406,2498,3
2406,2460,3
2443,2454,3
2425,2496,3
2451,2459,3
2538,2568,3
2534,2560,3
2503,2528,3
2522,2546,3
2648,2656,3
3046,3076,3
459,1602,3
3125,3128,3
3108,3113,3
3132,3175,3
210,698,3
204,665,3
231,3152,3
724,3447,3
374,3414,3
4033,4094,3
247,649,3
641,2153,3
649,2183,3
650,2510,3
610,2531,3
490,2600,3
2600,3123,3
275,490,3
2822,3063,3
244,763,3
221,751,3
272,3483,3
3159,3491,3
2186,3440,3
3114,3440,3
4347,4381,3
4307,4398,3
4374,4397,3
4327,4365,3
135,195,3
226,269,3
231,274,3
352,365,3
387,390,3
568,578,3
556,570,3
508,550,3
657,688,3
652,697,3
664,689,3
648,666,3
622,638,3
765,794,3
722,800,3
753,796,3
754,769,3
754,784,3
865,889,3
831,889,3
843,889,3
806,888,3
845,878,3
1088,1090,3
1078,1081,3
1003,1099,3
1033,1052,3
1008,1060,3
1224,1234,3
1303,1362,3
223,230,3
508,525,3
725,798,3
1449,1472,3
385,731,3
729,1043,3
729,1025,3
364,743,3
778,1073,3
309,766,3
381,704,3
760,1043,3
707,1043,3
1538,1576,3
1561,1589,3
1503,1504,3
1907,1952,3
1910,1950,3
1901,1915,3
1904,2000,3
1952,1976,3
1952,1971,3
1950,1952,3
1931,1993,3
1947,1969,3
1947,1956,3
1919,1976,3
1919,1961,3
1971,1985,3
1940,1956,3
1940,1966,3
1918,1965,3
1911,1996,3
1934,1962,3
1933,1967,3
1923,1988,3
1913,1938,3
1913,1922,3
1913,1981,3
1908,1993,3
1902,1947,3
1948,1976,3
2123,2151,3
2149,2156,3
2106,2125,3
2138,2170,3
2227,2269,3
2248,2270,3
2247,2272,3
2209,2227,3
2202,2246,3
2202,2244,3
2236,2254,3
2236,2249,3
2236,2263,3
2204,2233,3
2204,2220,3
2218,2265,3
2286,2289,3
2288,2300,3
2245,2285,3
2229,2256,3
2492,2496,3
2443,2450,3
2441,2467,3
2563,2571,3
2551,2575,3
2503,2560,3
2624,2685,3
2833,2868,3
3015,3093,3
3075,3077,3
3101,3132,3
3153,3189,3
3107,3132,3
3128,3164,3
3112,3184,3
3117,3152,3
3105,3197,3
605,3186,3
1053,3446,3
3930,3940,3
4041,4049,3
4041,4082,3
4023,4045,3
2178,3172,3
650,2586,3
205,2531,3
2830,3063,3
244,3477,3
289,3475,3
760,2197,3
746,3167,3
2175,3405,3
4325,4356,3
4304,4366,3
4308,4313,3
4308,4393,3
211,234,3
211,264,3
274,283,3
372,383,3
339,346,3
521,537,3
604,650,3
769,787,3
756,783,3
872,899,3
833,897,3
870,874,3
843,895,3
916,927,3
1018,1080,3
386,1256,3
1468,1486,3
204,205,3
312,390,3
622,695,3
711,753,3
382,730,3
374,793,3
752,1051,3
793,1057,3
773,1021,3
381,737,3
795,1002,3
305,746,3
737,1023,3
1024,1236,3
1539,1569,3
1925,1955,3
1921,1922,3
1901,1954,3
1964,1967,3
1970,1972,3
1904,1958,3
1930,1971,3
1986,1999,3
1968,2000,3
1920,1925,3
1928,1993,3
1916,1992,3
1916,1961,3
1946,1987,3
1963,1978,3
1971,1993,3
1945,1994,3
1945,1952,3
1918,1994,3
1980,1987,3
1941,1968,3
1939,1943,3
1939,1953,3
1917,1991,3
2101,2184,3
2101,2143,3
2108,2171,3
2164,2177,3
2138,2177,3
2253,2294,3
2247,2279,3
2209,2294,3
2228,2244,3
2228,2298,3
2242,2285,3
2285,2298,3
2283,2285,3
2269,2275,3
2221,2254,3
2239,2291,3
2203,2215,3
2267,2271,3
2245,2265,3
2254,2273,3
2303,2308,3
2308,2334,3
2417,2498,3
2459,2467,3
2407,2438,3
2410,2438,3
2441,2443,3
2404,2427,3
2412,2454,3
2430,2443,3
2528,2573,3
2525,2576,3
2546,2560,3
2624,2673,3
2960,2962,3
3065,3078,3
3141,3165,3
3116,3137,3
638,3171,3
243,3137,3
625,3152,3
1014,2697,3
760,3411,3
763,3439,3
3914,3974,3
4023,4068,3
4020,4059,3
4028,4073,3
244,628,3
263,2105,3
2106,3188,3
430,2391,3
2152,3421,3
772,3182,3
218,1095,3
218,746,3
286,3413,3
1001,3167,3
716,2153,3
263,3410,3
364,3122,3
2186,3483,3
292,3477,3
292,724,3
3151,3490,3
4335,4338,3
4316,4361,3
4314,4381,3
4308,4378,3
4369,4375,3
321,333,3
515,585,3
522,595,3
620,697,3
742,780,3
748,784,3
725,776,3
841,884,3
843,852,3
843,870,3
806,884,3
804,868,3
881,891,3
823,878,3
927,960,3
1009,1063,3
1009,1042,3
1206,1288,3
1208,1248,3
1239,1250,3
1307,1388,3
208,283,3
710,754,3
823,845,3
1010,1094,3
378,737,3
374,758,3
368,749,3
368,729,3
703,1025,3
739,1045,3
376,703,3
330,747,3
340,1022,3
1504,1581,3
1537,1576,3
1537,1581,3
1655,1696,3
1961,1983,3
1949,1997,3
1907,1961,3
1925,1930,3
1967,1986,3
1967,1983,3
1982,1993,3
1959,2000,3
1956,1959,3
1927,1953,3
1922,1970,3
1920,1964,3
1920,1983,3
1937,1980,3
1916,1974,3
1919,1982,3
1940,1999,3
1918,1928,3
1911,1991,3
1941,1993,3
1965,1974,3
1923,1959,3
1994,1997,3
1903,1905,3
1902,1940,3
2102,2121,3
2133,2143,3
2118,2175,3
2104,2147,3
2170,2200,3
2280,2292,3
2223,2279,3
2261,2268,3
2261,2263,3
2251,2275,3
2262,2287,3
2212,2281,3
2281,2282,3
2244,2258,3
2219,2275,3
2229,2244,3
2306,2335,3
2417,2492,3
2437,2467,3
2413,2427,3
2462,2496,3
2429,2450,3
2430,2462,3
2571,2573,3
3039,3089,3
398,1635,3
3164,3170,3
3107,3120,3
3177,3189,3
3146,3178,3
638,3173,3
243,3112,3
299,3178,3
205,3109,3
271,3173,3
248,3112,3
229,3171,3
601,3192,3
1287,2674,3
759,3447,3
3916,3940,3
3955,3978,3
3966,3978,3
4033,4073,3
4098,4100,3
690,3172,3
218,641,3
215,2545,3
1300,2521,3
684,2560,3
490,650,3
1693,2576,3
425,682,3
398,2822,3
603,1023,3
3198,3405,3
3182,3414,3
289,3421,3
289,3402,3
751,3188,3
2183,3414,3
295,701,3
4304,4368,3
4348,4393,3
4314,4347,3
4320,4379,3
229,273,3
201,216,3
211,269,3
365,393,3
347,352,3
339,390,3
339,356,3
326,346,3
356,371,3
544,574,3
523,575,3
680,688,3
714,741,3
715,796,3
745,776,3
780,788,3
794,798,3
717,736,3
717,770,3
831,865,3
870,891,3
811,832,3
927,986,3
968,969,3
1019,1020,3
1215,1235,3
1269,1276,3
1356,1368,3
1378,1388,3
1468,1472,3
432,438,3
507,508,3
838,859,3
1006,1061,3
382,712,3
368,758,3
734,1056,3
309,791,3
309,785,3
313,755,3
395,793,3
376,791,3
727,1031,3
1561,1599,3
1961,2000,3
1925,1994,3
1958,1994,3
1914,1978,3
1901,1956,3
1912,1984,3
1966,1976,3
1929,2000,3
1959,1976,3
1930,1932,3
1956,1989,3
1916,1937,3
1906,1995,3
1946,1996,3
1947,1950,3
1953,1965,3
1915,1920,3
1918,1920,3
1918,1970,3
1941,1986,3
1926,1972,3
1913,1963,3
1932,1970,3
1932,1991,3
1908,1963,3
2101,2180,3
2150,2170,3
2112,2193,3
2112,2152,3
2147,2186,3
2210,2278,3
2210,2269,3
2273,2290,3
2261,2267,3
2251,2283,3
2202,2204,3
2233,2248,3
2211,2250,3
2225,2235,3
2222,2236,3
2203,2234,3
2241,2300,3
2243,2270,3
2219,2250,3
2452,2492,3
2407,2469,3
2545,2595,3
2813,2887,3
3011,3077,3
3063,3087,3
3123,3175,3
3149,3191,3
3141,3157,3
210,3192,3
275,645,3
212,3109,3
1561,2655,3
1287,1506,3
772,3439,3
3941,3966,3
2105,3155,3
244,3155,3
602,3151,3
212,2527,3
2527,3192,3
1639,3145,3
3182,3444,3
609,3471,3
2183,3475,3
4325,4338,3
4318,4396,3
4350,4397,3
4302,4372,3
4359,4362,3
4355,4375,3
4365,4386,3
4366,4378,3
172,187,3
310,370,3
323,356,3
320,371,3
335,346,3
322,342,3
554,563,3
660,677,3
744,756,3
744,770,3
776,790,3
736,767,3
735,753,3
708,741,3
767,779,3
848,894,3
804,870,3
845,874,3
917,965,3
1081,1092,3
1055,1090,3
1022,1060,3
1215,1278,3
1256,1298,3
1424,1472,3
314,321,3
508,585,3
611,627,3
728,735,3
711,800,3
374,795,3
778,1038,3
381,773,3
759,1045,3
726,1056,3
797,1038,3
795,1056,3
731,1073,3
308,773,3
392,758,3
376,709,3
1539,1595,3
1907,1969,3
1925,1926,3
1925,1970,3
1914,1942,3
1964,1981,3
1955,1993,3
1927,1956,3
1937,1985,3
1916,1938,3
1969,1979,3
1919,1931,3
1938,1956,3
1941,1979,3
1923,1984,3
1923,1954,3
1923,1925,3
1943,2000,3
1908,1955,3
1902,1962,3
2101,2176,3
2108,2177,3
2108,2150,3
2105,2147,3
2132,2175,3
2161,2164,3
2104,2186,3
2127,2195,3
2210,2286,3
2224,2270,3
2201,2231,3
2250,2286,3
2261,2271,3
2230,2274,3
2230,2240,3
2247,2295,3
2228,2283,3
2266,2267,3
2204,2216,3
2204,2205,3
2204,2215,3
2269,2292,3
2221,2295,3
2256,2285,3
2225,2263,3
2213,2251,3
2278,2299,3
2244,2278,3
2249,2288,3
2229,2283,3
2326,2335,3
2417,2438,3
2413,2430,3
2410,2412,3
2410,2443,3
2561,2589,3
2521,2534,3
2610,2685,3
2918,2940,3
3046,3084,3
3039,3071,3
398,1652,3
3101,3186,3
3141,3186,3
3108,3128,3
3132,3169,3
645,3137,3
615,3104,3
243,624,3
657,3152,3
226,3178,3
283,613,3
677,3112,3
293,3186,3
229,682,3
1247,1569,3
3901,3974,3
3908,3940,3
4033,4093,3
4038,4068,3
4015,4068,3
4056,4100,3
289,3154,3
205,2600,3
606,2586,3
255,1693,3
444,1639,3
603,763,3
244,3414,3
2197,3490,3
701,3195,3
246,3436,3
751,3182,3
3159,3402,3
364,3195,3
3188,3477,3
368,3114,3
2153,3440,3
4304,4355,3
4350,4375,3
4313,4360,3
4334,4350,3
214,239,3
205,264,3
223,271,3
223,276,3
234,266,3
307,356,3
550,574,3
508,544,3
625,677,3
715,753,3
722,753,3
850,865,3
827,889,3
810,827,3
960,986,3
1011,1098,3
1088,1099,3
1054,1075,3
1048,1097,3
1033,1048,3
1033,1041,3
1206,1240,3
1245,1288,3
1217,1257,3
1416,1449,3
508,536,3
823,894,3
1006,1094,3
391,1250,3
719,1056,3
785,1038,3
791,1025,3
309,727,3
328,773,3
355,703,3
1008,1211,3
1910,1961,3
1921,1974,3
1982,1994,3
1912,1916,3
1970,1994,3
1952,1957,3
1927,1990,3
1920,1950,3
1909,1963,3
1905,1938,3
1935,1985,3
1928,1940,3
1950,1958,3
1946,1952,3
1946,1988,3
1963,1981,3
1953,1971,3
1953,1998,3
1938,1995,3
1915,1931,3
1918,1925,3
1911,1972,3
1911,1966,3
1941,1996,3
1934,1943,3
1939,1966,3
1917,1948,3
1913,1990,3
1908,1976,3
1948,1949,3
2184,2195,3
2121,2146,3
2147,2178,3
2227,2237,3
2237,2242,3
2201,2237,3
2232,2242,3
2214,2286,3
2230,2298,3
2282,2288,3
2231,2277,3
2217,2243,3
2208,2236,3
2275,2299,3
2229,2252,3
2443,2485,3
2514,2522,3
2538,2586,3
2604,2654,3
2822,2868,3
3127,3146,3
3105,3164,3
266,3157,3
266,624,3
243,611,3
293,688,3
215,615,3
1587,2681,3
1247,2667,3
751,3476,3
3901,3955,3
3931,3980,3
2183,3174,3
641,3188,3
2539,3123,3
255,2545,3
286,3477,3
292,3475,3
292,701,3
690,3414,3
4304,4335,3
4328,4343,3
264,280,3
208,248,3
347,373,3
350,396,3
320,339,3
335,384,3
429,493,3
432,493,3
521,568,3
525,563,3
672,694,3
682,688,3
702,742,3
728,756,3
767,800,3
754,794,3
844,847,3
801,805,3
851,870,3
891,899,3
1052,1097,3
1022,1049,3
1206,1273,3
1250,1259,3
1217,1263,3
1307,1352,3
307,393,3
605,681,3
382,721,3
747,1095,3
721,1031,3
752,1073,3
734,1013,3
315,746,3
793,1053,3
739,1026,3
712,1035,3
731,1025,3
324,737,3
376,768,3
749,1023,3
334,786,3
707,1021,3
314,1024,3
1590,1596,3
1961,1992,3
1910,1971,3
1921,1959,3
1901,1986,3
1904,1948,3
1904,1922,3
1922,1996,3
1906,1971,3
1906,1964,3
1969,1978,3
1946,1983,3
1940,1969,3
1957,1997,3
1911,1955,3
1923,1965,3
1943,1972,3
1932,1954,3
1903,1911,3
1902,1958,3
1948,1955,3
1948,1960,3
2113,2172,3
2150,2195,3
2128,2186,3
2128,2175,3
2103,2139,3
2253,2298,3
2227,2233,3
2210,2257,3
2276,2293,3
2220,2232,3
2214,2280,3
2262,2300,3
2202,2224,3
2211,2246,3
2204,2227,3
2265,2274,3
2207,2284,3
2235,2255,3
2281,2296,3
2219,2230,3
2216,2299,3
2246,2294,3
2303,2378,3
2413,2451,3
2462,2492,3
2436,2498,3
2450,2485,3
2404,2497,3
2438,2484,3
2412,2464,3
2526,2536,3
2528,2546,3
2666,2698,3
2746,2753,3
3109,3116,3
294,3123,3
611,3178,3
606,3186,3
1066,1503,3
368,3446,3
759,3440,3
366,3491,3
3901,3980,3
4015,4056,3
4027,4033,3
295,3154,3
263,628,3
299,490,3
2545,3104,3
701,2178,3
760,2199,3
272,760,3
263,3483,3
2153,3405,3
4302,4360,3
4312,4365,3
239,267,3
209,219,3
230,254,3
256,294,3
232,283,3
584,588,3
682,695,3
677,688,3
722,744,3
756,790,3
805,879,3
839,870,3
819,876,3
867,884,3
867,870,3
812,862,3
889,897,3
838,888,3
960,968,3
1022,1061,3
1333,1362,3
1368,1376,3
1446,1486,3
711,757,3
718,736,3
1015,1033,3
747,1038,3
729,1056,3
381,721,3
797,1073,3
731,1072,3
781,1045,3
766,1026,3
305,795,3
772,1051,3
1637,1699,3
1949,1972,3
1983,1985,3
1958,1985,3
1901,1919,3
1901,1909,3
1901,1958,3
1912,1929,3
1904,1975,3
1904,1957,3
1930,1956,3
1978,1982,3
1909,1975,3
1937,1958,3
1931,1969,3
1963,2000,3
1944,1971,3
1940,1992,3
1984,1992,3
1989,1994,3
1911,1984,3
1941,1973,3
1936,1967,3
1972,1999,3
1933,1959,3
1939,1971,3
1917,1937,3
1913,1966,3
2146,2183,3
2150,2164,3
2232,2244,3
2228,2237,3
2208,2267,3
2252,2259,3
2218,2286,3
2244,2277,3
2249,2296,3
2437,2478,3
2525,2573,3
2612,2643,3
2626,2648,3
2628,2629,3
2822,2840,3
3049,3065,3
3161,3168,3
3170,3197,3
657,3141,3
275,3178,3
299,658,3
229,3116,3
1066,1576,3
1228,1581,3
1287,2699,3
733,3410,3
1056,3479,3
366,3411,3
3906,3914,3
3931,3940,3
4093,4096,3
4039,4082,3
2106,3134,3
293,443,3
39,431,3
401,3063,3
772,2186,3
3151,3491,3
690,740,3
368,2197,3
4350,4381,3
4307,4329,3
4319,4381,3
4327,4372,3
4308,4375,3
4308,4343,3
275,280,3
255,264,3
220,284,3
339,384,3
507,570,3
621,672,3
632,663,3
722,784,3
728,748,3
812,844,3
852,891,3
969,991,3
1058,1090,3
1033,1064,3
229,232,3
204,208,3
837,891,3
309,701,3
381,791,3
366,712,3
362,729,3
799,1053,3
1508,1570,3
1967,1997,3
1914,1998,3
1964,1974,3
1966,1997,3
1959,1964,3
1986,1995,3
1978,1986,3
1924,1999,3
1909,1929,3
1935,1938,3
1950,1965,3
1950,1966,3
1969,1994,3
1946,1947,3
1919,1932,3
1938,1979,3
1911,1994,3
1934,1945,3
1908,1954,3
1902,1992,3
1902,1973,3
2001,2031,3
2102,2159,3
2128,2132,3
2166,2180,3
2117,2161,3
2138,2139,3
2210,2258,3
2209,2217,3
2255,2282,3
2211,2294,3
2252,2292,3
2221,2267,3
2205,2224,3
2207,2241,3
2207,2223,3
2281,2290,3
2216,2259,3
2443,2467,3
2425,2464,3
2436,2441,3
2450,2454,3
2412,2436,3
2525,2539,3
2624,2656,3
2624,2654,3
2624,2644,3
2641,2697,3
3015,3075,3
3076,3087,3
3158,3184,3
3173,3175,3
3145,3180,3
3108,3176,3
243,3192,3
650,3117,3
611,3109,3
248,3117,3
1581,2697,3
1576,2667,3
369,2655,3
755,3477,3
771,3479,3
771,3438,3
4020,4080,3
289,649,3
281,3172,3
641,3151,3
221,673,3
490,2522,3
1662,2809,3
246,760,3
4325,4386,3
4363,4383,3
4319,4343,3
4369,4400,3
4342,4390,3
242,264,3
264,274,3
231,273,3
317,322,3
317,359,3
312,372,3
556,585,3
510,574,3
604,670,3
604,659,3
604,684,3
670,693,3
601,665,3
713,744,3
813,849,3
806,841,3
810,868,3
1055,1097,3
1213,1275,3
1235,1277,3
507,515,3
711,787,3
810,894,3
385,704,3
341,772,3
381,785,3
740,1035,3
774,1038,3
305,764,3
305,774,3
1558,1566,3
1949,1978,3
1942,1972,3
1910,1992,3
1910,1987,3
1967,1982,3
1964,1999,3
1920,1937,3
1920,1981,3
1909,1974,3
1931,1949,3
1947,1979,3
1971,1997,3
1936,1950,3
1926,1935,3
1917,1953,3
1917,1983,3
1913,1915,3
1903,1988,3
1902,1935,3
2108,2192,3
2174,2200,3
2166,2170,3
2240,2274,3
2273,2300,3
2214,2240,3
2211,2215,3
2226,2282,3
2204,2256,3
2218,2238,3
2258,2283,3
2221,2273,3
2213,2238,3
2205,2259,3
2219,2269,3
2229,2275,3
2229,2234,3
2458,2484,3
2459,2492,3
2430,2484,3
2541,2594,3
2528,2538,3
2515,2576,3
2801,2887,3
2940,2947,3
3109,3146,3
3146,3171,3
294,680,3
255,688,3
314,2608,3
1014,2699,3
772,3446,3
4023,4028,3
4004,4039,3
4058,4096,3
443,2563,3
205,2586,3
425,1637,3
403,682,3
1625,2830,3
1662,3076,3
3182,3413,3
218,3436,3
246,368,3
690,763,3
4311,4317,3
4348,4397,3
4319,4366,3
4358,4400,3
269,294,3
280,299,3
322,353,3
604,677,3
606,638,3
621,662,3
639,666,3
631,648,3
779,798,3
732,779,3
776,800,3
805,895,3
839,849,3
874,876,3
831,881,3
843,848,3
804,841,3
862,872,3
851,891,3
1225,1279,3
1273,1278,3
1239,1278,3
1445,1459,3
806,832,3
378,771,3
778,1025,3
308,797,3
366,778,3
1979,1992,3
1942,1977,3
1910,1926,3
1921,1996,3
1958,1969,3
1958,1960,3
1958,1977,3
1912,1931,3
1929,1932,3
1924,1978,3
1920,1984,3
1905,1908,3
1905,1911,3
1935,1988,3
1916,1984,3
1906,1993,3
1950,1973,3
1947,1951,3
1919,1950,3
1940,1953,3
1915,1960,3
1918,1938,3
1936,1981,3
1926,1945,3
1926,1990,3
1939,2000,3
1923,1946,3
1908,1941,3
1908,1979,3
1902,1942,3
2139,2156,3
2103,2108,3
2118,2159,3
2138,2198,3
2277,2283,3
2250,2252,3
2220,2274,3
2262,2267,3
2266,2276,3
2293,2295,3
2238,2275,3
2235,2264,3
2249,2297,3
2437,2462,3
2447,2459,3
2410,2496,3
2545,2565,3
2629,2644,3
2626,2656,3
2626,2673,3
2603,2689,3
3041,3089,3
3063,3077,3
3164,3168,3
3169,3178,3
3125,3161,3
3112,3120,3
3112,3169,3
3120,3192,3
210,3186,3
210,622,3
294,610,3
211,3199,3
1014,2655,3
368,3411,3
701,3439,3
752,3476,3
759,3402,3
3906,3913,3
4015,4073,3
272,641,3
290,690,3
696,2152,3
696,3182,3
628,3172,3
403,2536,3
403,1639,3
1232,3116,3
221,3410,3
679,3421,3
1053,2153,3
272,3461,3
247,751,3
3159,3477,3
292,1053,3
2153,3461,3
4335,4348,3
4370,4372,3
4314,4338,3
4308,4358,3
4308,4368,3
4329,4396,3
4365,4374,3
339,393,3
389,398,3
322,350,3
401,403,3
518,550,3
508,574,3
604,693,3
601,660,3
720,775,3
720,798,3
788,798,3
702,732,3
717,742,3
735,757,3
753,757,3
844,859,3
850,899,3
801,812,3
810,849,3
1011,1018,3
1048,1064,3
1033,1050,3
1208,1268,3
1255,1297,3
1273,1277,3
117,195,3
518,525,3
612,620,3
721,1053,3
374,703,3
368,750,3
793,1056,3
381,768,3
755,1051,3
751,1021,3
768,1072,3
774,1072,3
317,1238,3
1532,1598,3
1506,1589,3
1949,1954,3
1907,1934,3
1942,1958,3
1925,1929,3
1910,1999,3
1967,1973,3
1921,1968,3
1958,1966,3
1901,1931,3
1970,1976,3
1956,1975,3
1927,1963,3
1909,1965,3
1909,1993,3
1946,1998,3
1971,1973,3
1940,1993,3
1940,1951,3
1945,1993,3
1976,1979,3
1918,1957,3
1936,1988,3
1926,1961,3
1923,1999,3
1902,1934,3
1948,1996,3
2167,2199,3
2146,2199,3
2125,2128,3
2210,2216,3
2273,2291,3
2284,2300,3
2230,2285,3
2233,2269,3
2266,2296,3
2231,2245,3
2221,2296,3
2221,2236,3
2206,2266,3
2212,2260,3
2213,2292,3
2203,2245,3
2205,2211,3
2278,2294,3
2207,2271,3
2249,2293,3
2216,2278,3
2254,2287,3
2325,2335,3
2436,2458,3
2438,2464,3
2538,2575,3
2521,2546,3
2525,2551,3
2711,2794,3
3019,3071,3
3041,3071,3
459,1299,3
3168,3183,3
274,605,3
684,3112,3
294,611,3
1063,1532,3
1576,2699,3
1287,1503,3
1056,3491,3
1056,3421,3
760,3446,3
716,3479,3
4068,4081,3
4026,4043,3
4021,4064,3
2123,3195,3
673,3174,3
650,2576,3
403,3145,3
3122,3414,3
244,3475,3
3182,3490,3
246,3405,3
1053,3193,3
272,763,3
4317,4393,3
4328,4348,3
4390,4397,3
4319,4369,3
126,172,3
242,269,3
208,243,3
303,352,3
352,371,3
352,361,3
337,372,3
427,440,3
537,578,3
717,767,3
839,852,3
865,868,3
844,848,3
841,862,3
819,867,3
867,868,3
831,895,3
812,839,3
801,879,3
811,848,3
804,837,3
852,889,3
944,965,3
1074,1079,3
1215,1237,3
1237,1273,3
1279,1286,3
1202,1211,3
1333,1388,3
1376,1378,3
1074,1273,3
208,227,3
425,430,3
601,682,3
1020,1099,3
703,1044,3
328,719,3
706,1045,3
731,1002,3
355,778,3
334,705,3
764,1038,3
1509,1598,3
1509,1524,3
1509,1532,3
1532,1594,3
1501,1563,3
1501,1590,3
1643,1654,3
1949,1963,3
1960,1988,3
1907,1932,3
1942,1960,3
1925,1989,3
1914,1969,3
1914,1931,3
1912,1944,3
1912,1968,3
1988,2000,3
1959,1994,3
1930,1993,3
1924,1990,3
1927,1980,3
1937,1993,3
1935,1973,3
1928,1948,3
1928,2000,3
1969,1980,3
1946,1967,3
1974,1992,3
1963,1965,3
1953,1954,3
1940,1991,3
1984,1987,3
1911,1934,3
1997,1998,3
1941,1971,3
1972,1984,3
1943,1950,3
1932,1939,3
1903,1938,3
2113,2200,3
2153,2193,3
2146,2197,3
2150,2180,3
2143,2192,3
2149,2172,3
2232,2234,3
2266,2287,3
2231,2275,3
2217,2238,3
2208,2254,3
2242,2246,3
2226,2260,3
2226,2247,3
2218,2257,3
2265,2280,3
2215,2230,3
2221,2255,3
2239,2290,3
2288,2290,3
2203,2218,3
2454,2467,3
2407,2496,3
2451,2464,3
2539,2575,3
2531,2571,3
2643,2698,3
2608,2668,3
2682,2699,3
2685,2689,3
2603,2626,3
2641,2668,3
3063,3075,3
3049,3071,3
1299,1674,3
3123,3127,3
3136,3189,3
3112,3117,3
3145,3146,3
3113,3148,3
274,688,3
210,684,3
610,3132,3
276,677,3
1542,2697,3
1287,2681,3
739,3413,3
4005,4045,3
4021,4041,3
4021,4094,3
4079,4099,3
4008,4028,3
289,2123,3
2105,3134,3
649,2153,3
281,1053,3
609,3440,3
286,3471,3
364,690,3
292,3461,3
4317,4347,3
4304,4383,3
4312,4350,3
4365,4381,3
367,375,3
371,372,3
312,356,3
627,658,3
684,695,3
613,688,3
657,698,3
714,789,3
715,783,3
720,783,3
718,765,3
805,899,3
889,891,3
813,878,3
810,843,3
881,888,3
862,867,3
1020,1055,3
1009,1066,3
1052,1071,3
1286,1299,3
1416,1459,3
507,525,3
837,895,3
341,781,3
778,1023,3
774,1013,3
305,791,3
362,719,3
1008,1238,3
1594,1599,3
1525,1596,3
1643,1677,3
1602,1686,3
1942,1994,3
1925,1946,3
1973,1986,3
1959,1991,3
1952,1974,3
1952,1988,3
1905,1916,3
1937,1950,3
1906,1946,3
1906,1955,3
1946,2000,3
1974,2000,3
1947,1992,3
1913,1976,3
1913,1946,3
1903,1929,3
1902,1917,3
1902,1914,3
2031,2038,3
2068,2079,3
2171,2200,3
2143,2196,3
2132,2186,3
2164,2198,3
2209,2216,3
2211,2257,3
2258,2285,3
2215,2253,3
2239,2297,3
2459,2485,3
2554,2586,3
2515,2573,3
2668,2682,3
2955,2962,3
459,1652,3
3118,3136,3
3175,3199,3
3127,3173,3
3110,3153,3
3117,3191,3
3116,3178,3
232,670,3
615,3157,3
204,682,3
692,3184,3
276,3162,3
333,1544,3
1269,1506,3
3930,3941,3
3908,3930,3
3905,3985,3
4026,4094,3
4012,4099,3
679,3155,3
2186,3154,3
684,2563,3
1682,2536,3
430,2830,3
3198,3402,3
281,368,3
724,2153,3
295,3490,3
3159,3461,3
4311,4400,3
4311,4328,3
4338,4347,3
4372,4400,3
4334,4363,3
4366,4370,3
220,261,3
316,337,3
575,595,3
542,575,3
522,570,3
518,584,3
525,556,3
613,627,3
660,670,3
618,672,3
744,790,3
753,800,3
753,780,3
805,865,3
849,876,3
926,974,3
974,999,3
1011,1048,3
1050,1086,3
1039,1090,3
1014,1078,3
1006,1049,3
1010,1061,3
1248,1268,3
1215,1216,3
1254,1275,3
1362,1393,3
204,280,3
307,390,3
711,784,3
710,744,3
710,714,3
1217,1285,3
382,791,3
385,785,3
354,747,3
703,1051,3
341,764,3
773,1051,3
381,764,3
762,1021,3
313,763,3
751,1038,3
366,734,3
305,750,3
355,749,3
1524,1598,3
1879,1882,3
1991,1999,3
1949,1984,3
1907,1920,3
1907,1978,3
1907,1914,3
1910,1911,3
1910,1919,3
1959,1982,3
1922,1975,3
1920,1962,3
1920,1979,3
1920,1991,3
1916,1926,3
1916,1934,3
1906,1954,3
1974,1999,3
1918,1981,3
1911,1997,3
1941,1967,3
1903,1923,3
1975,1990,3
2157,2166,3
2108,2113,3
2149,2176,3
2240,2251,3
2224,2294,3
2237,2250,3
2284,2290,3
2201,2253,3
2232,2270,3
2261,2288,3
2220,2258,3
2262,2266,3
2236,2247,3
2226,2255,3
2215,2240,3
2241,2287,3
2259,2292,3
2219,2228,3
2437,2469,3
2452,2464,3
2413,2450,3
2425,2458,3
2430,2437,3
2567,2575,3
2510,2527,3
2522,2584,3
2612,2666,3
3019,3087,3
3077,3096,3
3039,3078,3
3137,3158,3
3110,3136,3
3132,3158,3
682,3171,3
1269,2608,3
1014,1587,3
364,3463,3
3930,3933,3
4005,4089,3
4013,4046,3
673,3167,3
649,2178,3
684,1645,3
275,2586,3
3122,3405,3
281,3490,3
281,3461,3
3193,3490,3
364,3114,3
4304,4328,3
4314,4374,3
4386,4397,3
4343,4355,3
4355,4378,3
4372,4383,3
203,217,3
356,365,3
537,563,3
666,691,3
745,789,3
745,757,3
744,767,3
717,788,3
717,765,3
736,796,3
735,741,3
833,889,3
841,888,3
822,874,3
847,849,3
916,960,3
1018,1058,3
1230,1269,3
1264,1272,3
1416,1445,3
523,588,3
508,537,3
607,638,3
802,810,3
385,739,3
385,726,3
378,763,3
381,795,3
760,1073,3
786,1095,3
781,1057,3
781,1029,3
707,1053,3
317,1008,3
333,1042,3
1507,1587,3
1960,1990,3
1925,1947,3
1921,1987,3
1958,1998,3
1901,1943,3
1962,1979,3
1952,1999,3
1927,1960,3
1922,1946,3
1937,1966,3
1935,1953,3
1931,1934,3
1931,1997,3
1919,1941,3
1941,1949,3
1923,1962,3
1923,1967,3
1943,1973,3
2102,2123,3
2146,2193,3
2105,2118,3
2143,2156,3
2143,2171,3
2117,2174,3
2118,2178,3
2277,2280,3
2209,2298,3
2209,2270,3
2228,2289,3
2208,2260,3
2238,2252,3
2213,2242,3
2267,2300,3
2241,2262,3
2259,2269,3
2437,2438,3
2406,2484,3
2458,2467,3
2447,2464,3
2454,2464,3
2425,2497,3
2538,2545,3
2546,2567,3
2629,2666,3
2626,2666,3
3149,3169,3
3136,3142,3
3112,3199,3
274,680,3
650,3109,3
670,3112,3
215,680,3
1542,2699,3
751,3446,3
3933,3974,3
3930,3978,3
3909,3985,3
4073,4094,3
4005,4015,3
4038,4058,3
4081,4082,3
4027,4094,3
292,649,3
246,628,3
649,3151,3
215,2560,3
205,2576,3
1625,2877,3
3198,3444,3
289,3436,3
3167,3413,3
1053,3198,3
263,3477,3
1095,3167,3
368,2178,3
4311,4369,3
4347,4363,3
4319,4348,3
216,288,3
226,230,3
264,269,3
321,369,3
310,396,3
357,384,3
307,371,3
523,542,3
714,790,3
744,753,3
776,783,3
736,756,3
736,789,3
725,788,3
728,783,3
767,776,3
841,865,3
822,841,3
801,897,3
811,841,3
1058,1080,3
1237,1240,3
702,767,3
804,888,3
341,749,3
341,706,3
785,1044,3
743,1035,3
726,1038,3
313,746,3
786,1023,3
376,786,3
305,763,3
355,795,3
772,1038,3
799,1013,3
1686,1696,3
1979,1989,3
1907,1994,3
1942,1988,3
1967,1971,3
1914,1921,3
1914,1981,3
1912,1915,3
1966,1994,3
1954,1986,3
1952,1989,3
1930,1952,3
1955,1968,3
1922,1943,3
1909,1988,3
1909,1910,3
1905,1930,3
1905,1991,3
1928,1945,3
1928,1992,3
1969,1974,3
1963,1984,3
1947,1967,3
1918,1982,3
1917,1971,3
1923,1943,3
1923,1924,3
1994,2000,3
1913,1941,3
1908,1960,3
1902,1983,3
1948,1962,3
2102,2153,3
2139,2170,3
2133,2192,3
2164,2176,3
2106,2159,3
2127,2150,3
2248,2252,3
2214,2244,3
2262,2291,3
2230,2251,3
2266,2290,3
2266,2273,3
2231,2237,3
2226,2281,3
2296,2300,3
2239,2273,3
2238,2292,3
2203,2257,3
2278,2285,3
2278,2280,3
2241,2264,3
2243,2280,3
2249,2284,3
2452,2478,3
2451,2473,3
2412,2452,3
2514,2573,3
2534,2575,3
2521,2551,3
2575,2576,3
2624,2628,3
2712,2746,3
3039,3087,3
3101,3169,3
3127,3132,3
3110,3142,3
3110,3164,3
210,659,3
294,3137,3
226,3137,3
226,659,3
299,677,3
755,3421,3
760,3438,3
366,3444,3
4004,4033,3
272,2106,3
2105,3172,3
2105,3114,3
247,3174,3
263,3155,3
650,2570,3
275,2576,3
1693,2573,3
3182,3483,3
3195,3436,3
246,1053,3
3167,3436,3
1023,3193,3
716,2199,3
295,3421,3
3188,3475,3
2153,3402,3
4304,4313,3
4307,4361,3
4343,4363,3
4312,4334,3
4312,4393,3
242,299,3
214,268,3
219,228,3
232,254,3
208,274,3
405,491,3
456,471,3
429,471,3
507,568,3
680,682,3
702,725,3
717,796,3
753,769,3
769,789,3
767,780,3
833,881,3
841,847,3
831,844,3
801,802,3
811,845,3
804,847,3
845,888,3
1014,1081,3
1074,1250,3
1409,1459,3
605,627,3
802,811,3
1020,1032,3
1010,1022,3
378,731,3
709,1007,3
328,712,3
712,1095,3
755,1021,3
758,1029,3
308,792,3
308,786,3
330,743,3
727,1007,3
1024,1247,3
1509,1594,3
1594,1595,3
1961,1969,3
1925,1975,3
1925,1996,3
1967,1968,3
1914,1951,3
1954,1977,3
1930,1976,3
1968,1993,3
1909,1976,3
1909,1978,3
1909,1996,3
1906,1950,3
1947,1952,3
1957,1964,3
1936,1993,3
1933,1968,3
1903,1987,3
1908,1928,3
1975,1988,3
2157,2164,3
2139,2161,3
2103,2172,3
2257,2274,3
2257,2289,3
2201,2242,3
2251,2292,3
2247,2264,3
2202,2232,3
2252,2277,3
2221,2263,3
2244,2265,3
2254,2300,3
2306,2378,3
2406,2497,3
2406,2410,3
2450,2492,3
2531,2554,3
2522,2575,3
2663,2674,3
2603,2644,3
1299,1652,3
3169,3171,3
3128,3176,3
266,3199,3
659,3104,3
205,3178,3
205,646,3
680,3192,3
215,3178,3
1056,3490,3
1056,3483,3
3908,3974,3
3906,3974,3
4005,4096,3
4033,4082,3
4015,4043,3
4021,4039,3
4021,4081,3
247,673,3
2545,3180,3
2545,3123,3
490,2545,3
1299,2803,3
221,1001,3
746,3151,3
1023,2186,3
368,603,3
4370,4393,3
4383,4397,3
4320,4361,3
4313,4317,3
203,219,3
209,261,3
201,284,3
230,243,3
254,280,3
208,273,3
365,371,3
359,396,3
536,568,3
586,588,3
658,665,3
624,692,3
607,659,3
794,800,3
725,769,3
728,784,3
708,742,3
767,782,3
810,839,3
902,991,3
1086,1088,3
1229,1276,3
522,536,3
611,625,3
612,689,3
708,715,3
382,759,3
729,1051,3
773,1043,3
309,747,3
381,747,3
797,1051,3
774,1056,3
308,724,3
330,712,3
305,749,3
305,786,3
737,1035,3
334,729,3
799,1026,3
1859,1874,3
1949,1952,3
1960,1998,3
1942,1962,3
1981,1997,3
1921,1977,3
1914,1973,3
1912,1966,3
1962,1982,3
1929,1980,3
1959,1995,3
1930,1994,3
1956,1960,3
1905,1953,3
1937,1979,3
1935,1959,3
1928,1966,3
1906,1948,3
1963,1969,3
1919,1968,3
1971,1974,3
1915,1930,3
1923,1961,3
1913,1996,3
1913,1998,3
2031,2079,3
2101,2156,3
2157,2170,3
2103,2113,3
2118,2199,3
2250,2275,3
2220,2285,3
2247,2288,3
2228,2294,3
2255,2276,3
2217,2231,3
2285,2289,3
2256,2269,3
2225,2295,3
2205,2274,3
2219,2278,3
2229,2238,3
2452,2469,3
2436,2447,3
2887,2897,3
3021,3087,3
3021,3093,3
3049,3084,3
430,1652,3
3105,3108,3
1066,1561,3
369,2674,3
1014,1581,3
1223,1576,3
733,3447,3
746,3451,3
746,3439,3
4005,4008,3
4006,4081,3
4036,4098,3
218,649,3
609,3174,3
696,3134,3
2567,3104,3
2391,2887,3
3182,3410,3
679,3475,3
218,751,3
2175,3491,3
263,368,3
3188,3491,3
4304,4360,3
4316,4396,3
4356,4370,3
254,264,3
254,299,3
227,254,3
303,367,3
373,375,3
316,339,3
348,393,3
312,352,3
403,456,3
518,578,3
621,689,3
665,670,3
624,665,3
779,782,3
744,769,3
757,776,3
736,765,3
805,839,3
876,889,3
867,878,3
812,859,3
810,865,3
838,895,3
960,974,3
1067,1068,3
1090,1097,3
1211,1213,3
1203,1243,3
1440,1446,3
227,231,3
837,851,3
837,843,3
1416,1424,3
368,773,3
729,1029,3
309,704,3
309,797,3
739,1038,3
795,1026,3
786,1043,3
781,1035,3
1537,1598,3
1619,1643,3
1803,1879,3
1873,1882,3
1960,1967,3
1907,1938,3
1967,1984,3
1958,1963,3
1990,1997,3
1962,1964,3
1904,1982,3
1954,1976,3
1927,1941,3
1920,1969,3
1909,1915,3
1909,1937,3
1916,1951,3
1906,1919,3
1906,1979,3
1946,1972,3
1963,1990,3
1915,1951,3
1918,1962,3
1911,1936,3
1911,1976,3
1911,1990,3
1936,1997,3
1934,1948,3
1923,1937,3
1913,1994,3
1908,1962,3
2118,2153,3
2125,2186,3
2224,2253,3
2237,2240,3
2261,2272,3
2202,2257,3
2217,2275,3
2218,2252,3
2215,2269,3
2212,2221,3
2203,2240,3
2241,2281,3
2274,2277,3
2406,2427,3
2407,2478,3
2410,2437,3
2551,2573,3
2554,2560,3
2510,2546,3
2515,2567,3
2650,2685,3
431,1635,3
3101,3173,3
3125,3142,3
646,3180,3
660,3149,3
1542,2667,3
733,3402,3
746,3447,3
724,3463,3
760,3479,3
3930,3966,3
4023,4096,3
4096,4100,3
4033,4064,3
4081,4094,3
4039,4056,3
4010,4099,3
603,3155,3
673,2153,3
684,2600,3
275,1693,3
401,2391,3
603,746,3
3193,3413,3
4304,4347,3
4314,4334,3
242,271,3
228,261,3
216,268,3
230,256,3
234,254,3
326,361,3
367,371,3
438,491,3
666,689,3
663,667,3
624,660,3
720,776,3
745,753,3
757,789,3
757,770,3
742,765,3
728,744,3
767,770,3
833,849,3
831,838,3
965,968,3
1061,1068,3
1037,1042,3
1237,1277,3
1237,1286,3
1235,1239,3
1359,1378,3
1424,1459,3
601,695,3
702,770,3
804,879,3
1005,1017,3
1449,1491,3
382,797,3
781,1053,3
308,772,3
766,1073,3
392,786,3
761,1007,3
305,729,3
400,1022,3
1504,1587,3
1504,1544,3
1509,1561,3
1960,1991,3
1910,1977,3
1914,1985,3
1995,1999,3
1952,1958,3
1986,1997,3
1922,1953,3
1968,1975,3
1916,1994,3
1916,1931,3
1950,1962,3
1931,1977,3
1963,1986,3
1947,1957,3
1944,1951,3
1940,1976,3
1915,1991,3
1933,1958,3
1943,1965,3
1943,1968,3
1913,1932,3
1932,1972,3
1903,1912,3
1975,1980,3
1948,1973,3
2146,2178,3
2133,2177,3
2127,2174,3
2121,2186,3
2147,2167,3
2257,2280,3
2224,2240,3
2237,2244,3
2237,2258,3
2289,2299,3
2261,2279,3
2220,2240,3
2214,2253,3
2209,2228,3
2228,2278,3
2226,2268,3
2218,2258,3
2279,2297,3
2256,2275,3
2239,2266,3
2288,2293,3
2213,2259,3
2216,2289,3
2410,2484,3
2429,2458,3
2563,2565,3
2629,2685,3
2612,2685,3
3041,3049,3
3180,3184,3
3165,3171,3
3117,3184,3
3108,3136,3
3108,3164,3
3132,3149,3
274,698,3
670,3186,3
229,3120,3
1223,2681,3
368,3476,3
751,3451,3
1001,3446,3
374,3402,3
4023,4056,3
4043,4073,3
4005,4033,3
4038,4045,3
4012,4059,3
641,3154,3
205,443,3
275,1300,3
2560,3104,3
401,2809,3
2178,3413,3
244,740,3
701,2175,3
1053,3167,3
364,679,3
2186,3410,3
4347,4355,3
4347,4390,3
242,254,3
229,269,3
264,299,3
327,398,3
357,383,3
402,495,3
521,563,3
627,650,3
652,694,3
664,672,3
662,691,3
720,794,3
757,780,3
735,776,3
754,782,3
804,819,3
881,895,3
832,859,3
838,889,3
852,888,3
1040,1061,3
1071,1097,3
1071,1098,3
1446,1459,3
208,294,3
638,693,3
625,627,3
725,794,3
728,798,3
823,838,3
823,897,3
934,937,3
747,1051,3
374,750,3
709,1072,3
734,1044,3
746,1026,3
726,1002,3
376,726,3
737,1073,3
1504,1595,3
1537,1538,3
1949,1977,3
1942,1955,3
1910,1929,3
1981,2000,3
1982,1990,3
1914,1958,3
1973,1983,3
1904,1968,3
1924,1991,3
1937,1968,3
1938,1998,3
1945,1949,3
1918,1993,3
1934,1949,3
1917,1952,3
1913,1991,3
1902,1954,3
1948,1961,3
2108,2164,3
2112,2159,3
2227,2299,3
2227,2250,3
2210,2245,3
2237,2280,3
2214,2285,3
2233,2298,3
2236,2272,3
2226,2279,3
2218,2231,3
2218,2228,3
2265,2278,3
2256,2270,3
2205,2269,3
2207,2260,3
2235,2281,3
2235,2236,3
2244,2299,3
2243,2292,3
2413,2417,3
2441,2500,3
2570,2575,3
2726,2770,3
3005,3071,3
3039,3041,3
3118,3183,3
3189,3197,3
660,3145,3
248,688,3
215,677,3
276,3137,3
314,1503,3
733,3413,3
772,3447,3
759,3493,3
771,3411,3
3924,3933,3
4005,4038,3
4004,4068,3
4064,4096,3
248,1300,3
299,2568,3
1637,3116,3
2178,3491,3
2178,3461,3
701,3114,3
286,701,3
247,3491,3
3114,3477,3
4325,4328,3
4360,4366,3
4343,4369,3
4327,4342,3
4313,4335,3
4329,4359,3
4365,4378,3
223,255,3
230,276,3
212,256,3
367,393,3
316,348,3
342,343,3
544,563,3
515,575,3
568,580,3
557,568,3
660,684,3
738,767,3
720,757,3
732,744,3
722,728,3
735,790,3
769,790,3
767,798,3
839,879,3
833,845,3
844,845,3
831,847,3
831,878,3
851,881,3
832,850,3
926,937,3
1356,1359,3
204,212,3
310,317,3
702,788,3
718,775,3
823,843,3
902,917,3
1215,1286,3
1230,1287,3
385,721,3
729,1044,3
778,1095,3
774,1044,3
360,712,3
362,721,3
1063,1247,3
1508,1585,3
1998,2000,3
1910,1944,3
1921,1953,3
1958,1980,3
1901,1965,3
1901,1955,3
1912,1926,3
1912,1962,3
1904,1933,3
1959,1973,3
1955,1991,3
1922,1971,3
1916,1985,3
1969,1986,3
1974,1976,3
1953,1983,3
1976,1996,3
1984,2000,3
1984,1993,3
1936,1954,3
1934,1954,3
1933,1971,3
1939,1974,3
1939,1986,3
1917,1980,3
1917,1945,3
1913,1940,3
1932,1969,3
1902,1941,3
1902,1976,3
1948,1972,3
2101,2171,3
2146,2152,3
2108,2184,3
2149,2195,3
2227,2278,3
2271,2296,3
2210,2224,3
2224,2286,3
2262,2263,3
2217,2244,3
2226,2241,3
2204,2257,3
2256,2265,3
2203,2250,3
2268,2287,3
2219,2242,3
2216,2253,3
2478,2484,3
2417,2496,3
2459,2464,3
2429,2443,3
2525,2600,3
2525,2545,3
2544,2594,3
2673,2698,3
2679,2689,3
2746,2794,3
2813,2870,3
3059,3093,3
3158,3162,3
3162,3173,3
3105,3128,3
3132,3141,3
205,3132,3
333,2667,3
746,3476,3
739,3410,3
3904,3930,3
3908,3978,3
4006,4043,3
4008,4033,3
295,3134,3
602,3114,3
263,3154,3
628,2175,3
650,2545,3
606,2521,3
1625,3076,3
39,2877,3
1662,2391,3
2178,3410,3
603,716,3
221,746,3
289,746,3
2197,3414,3
2175,3440,3
272,3440,3
263,3461,3
292,1001,3
763,3151,3
4317,4358,3
4325,4334,3
4335,4400,3
4313,4370,3
4375,4381,3
230,266,3
234,276,3
347,384,3
303,348,3
303,393,3
441,471,3
515,522,3
536,554,3
557,570,3
604,665,3
714,780,3
720,779,3
839,862,3
876,888,3
831,872,3
804,806,3
802,849,3
832,881,3
852,884,3
852,867,3
1064,1088,3
1033,1058,3
1278,1285,3
1216,1299,3
1215,1217,3
1238,1275,3
1218,1240,3
1303,1355,3
204,210,3
318,322,3
312,323,3
711,735,3
837,894,3
395,703,3
366,705,3
771,1038,3
1566,1590,3
1646,1699,3
1961,1966,3
1907,1942,3
1925,1979,3
1981,1990,3
1921,1964,3
1929,1954,3
1904,1994,3
1986,1991,3
1927,1984,3
1927,1958,3
1935,1996,3
1928,1964,3
1916,2000,3
1944,1945,3
1971,1990,3
1915,1918,3
1957,1961,3
1980,1994,3
1980,1993,3
1997,2000,3
1936,1948,3
1936,1939,3
1936,1992,3
1936,1996,3
1926,2000,3
1926,1999,3
1917,1989,3
1965,1991,3
1932,1973,3
1932,1942,3
1908,1994,3
1908,1933,3
1902,1968,3
1902,1981,3
2157,2174,3
2172,2174,3
2161,2200,3
2127,2143,3
2224,2243,3
2224,2232,3
2237,2251,3
2217,2252,3
2226,2297,3
2269,2277,3
2260,2287,3
2216,2270,3
2216,2248,3
2417,2460,3
2452,2462,3
2627,2663,3
3137,3149,3
3152,3186,3
3107,3112,3
3141,3199,3
650,3112,3
204,3141,3
205,3137,3
369,1576,3
1223,2608,3
3906,3980,3
4005,4082,3
4008,4056,3
4036,4082,3
603,3134,3
443,1300,3
293,1645,3
293,2567,3
490,1693,3
430,2877,3
398,2809,3
716,3188,3
763,2152,3
4335,4393,3
4362,4398,3
4383,4386,3
273,293,3
205,208,3
209,214,3
254,271,3
373,393,3
307,348,3
322,370,3
441,456,3
432,444,3
522,586,3
691,694,3
715,779,3
722,777,3
713,742,3
713,720,3
777,790,3
736,741,3
805,848,3
865,878,3
833,878,3
841,878,3
843,891,3
804,851,3
802,876,3
859,889,3
1058,1071,3
1017,1062,3
1227,1271,3
1213,1238,3
1225,1245,3
717,718,3
710,722,3
708,800,3
902,934,3
364,731,3
309,759,3
762,1025,3
313,751,3
705,1023,3
712,1038,3
761,1025,3
727,1053,3
727,1026,3
792,1072,3
355,721,3
1504,1589,3
1656,1696,3
1907,1915,3
1907,1909,3
1942,1980,3
1925,1953,3
1921,1928,3
1921,1998,3
1912,1964,3
1929,1948,3
1999,2000,3
1956,1997,3
1955,1982,3
1920,1941,3
1909,1981,3
1935,1983,3
1928,1930,3
1963,1995,3
1919,1994,3
1919,1943,3
1953,1963,3
1945,1985,3
1915,1941,3
1911,1977,3
1934,1971,3
1926,1998,3
1917,1946,3
1943,1949,3
1908,1909,3
2193,2197,3
2161,2174,3
2240,2253,3
2224,2238,3
2214,2237,3
2251,2277,3
2211,2240,3
2211,2253,3
2236,2284,3
2226,2235,3
2218,2224,3
2287,2291,3
2225,2297,3
2225,2262,3
2225,2261,3
2264,2288,3
2222,2290,3
2213,2243,3
2243,2298,3
2459,2473,3
2452,2485,3
2452,2459,3
2407,2436,3
2436,2451,3
2450,2500,3
2404,2437,3
2641,2655,3
3101,3104,3
3127,3184,3
3135,3176,3
3105,3136,3
3113,3136,3
659,3157,3
299,3137,3
680,3109,3
369,1561,3
1507,2682,3
759,3413,3
4041,4074,3
4005,4094,3
4021,4096,3
247,2123,3
649,3114,3
443,2560,3
684,2568,3
1645,2570,3
289,3405,3
295,3414,3
4311,4312,3
4304,4334,3
4304,4397,3
4318,4345,3
4350,4374,3
4312,4348,3
205,271,3
276,296,3
212,254,3
232,296,3
208,255,3
234,274,3
365,390,3
347,367,3
323,371,3
456,491,3
432,456,3
542,574,3
522,568,3
536,550,3
508,570,3
574,586,3
604,660,3
610,625,3
779,787,3
805,833,3
833,851,3
819,827,3
812,867,3
813,852,3
934,965,3
1064,1090,3
1270,1278,3
1256,1300,3
1218,1245,3
713,798,3
711,725,3
822,823,3
378,704,3
315,791,3
773,1025,3
308,729,3
376,712,3
701,1043,3
792,1073,3
799,1072,3
1507,1561,3
1509,1569,3
1981,1996,3
1981,1988,3
1921,1965,3
1921,1929,3
1921,1995,3
1914,1935,3
1914,1988,3
1901,1945,3
1995,1997,3
1904,1926,3
1904,1989,3
1952,1997,3
1930,1947,3
1924,1992,3
1924,1962,3
1927,1998,3
1951,1969,3
1905,1958,3
1928,1957,3
1916,1929,3
1916,1970,3
1950,1985,3
1931,1981,3
1918,1971,3
1980,1991,3
1934,1946,3
1917,1936,3
1975,1991,3
1902,1912,3
2176,2195,3
2117,2180,3
2170,2171,3
2227,2283,3
2276,2300,3
2262,2297,3
2209,2299,3
2242,2275,3
2218,2278,3
2215,2259,3
2222,2291,3
2212,2235,3
2243,2278,3
2413,2498,3
2413,2484,3
2427,2436,3
2528,2575,3
2522,2595,3
2604,2624,3
2801,2862,3
2862,2887,3
3116,3192,3
622,3117,3
1269,1503,3
701,3493,3
3913,3924,3
3914,3916,3
4015,4058,3
4010,4063,3
4058,4098,3
272,602,3
2178,3174,3
1645,2563,3
212,2571,3
255,2570,3
398,3063,3
679,772,3
3114,3490,3
3114,3421,3
3151,3475,3
4304,4348,3
4348,4386,3
4314,4369,3
4314,4358,3
4350,4368,3
310,359,3
316,361,3
575,578,3
542,580,3
537,574,3
570,575,3
586,597,3
625,681,3
783,790,3
713,735,3
789,798,3
756,770,3
819,844,3
870,888,3
832,895,3
879,891,3
1003,1097,3
1409,1416,3
227,296,3
508,521,3
715,723,3
710,790,3
902,916,3
315,755,3
746,1045,3
309,778,3
762,1038,3
740,1002,3
751,1072,3
308,755,3
308,739,3
737,1007,3
737,1053,3
1589,1595,3
1979,1999,3
1925,1959,3
1958,1972,3
1990,2000,3
1912,1960,3
1970,1992,3
1952,1960,3
1986,1993,3
1944,1954,3
1945,1988,3
1915,1945,3
1918,1953,3
1911,1922,3
1980,1988,3
1913,1971,3
1903,1917,3
1903,1989,3
1908,1971,3
2176,2177,3
2132,2183,3
2117,2170,3
2112,2153,3
2220,2231,3
2214,2283,3
2245,2270,3
2229,2292,3
2538,2595,3
2567,2584,3
2522,2565,3
2612,2628,3
2801,2868,3
3024,3065,3
3104,3145,3
3107,3192,3
3141,3175,3
684,3186,3
688,3192,3
1587,2697,3
701,3479,3
771,3414,3
3916,3974,3
3914,3924,3
4015,4021,3
4058,4094,3
290,3193,3
2153,3155,3
221,2106,3
2106,3114,3
2586,3104,3
205,2510,3
1693,2521,3
244,724,3
2199,3440,3
1053,3188,3
1001,3114,3
364,2178,3
4325,4368,3
4335,4355,3
4314,4397,3
4378,4400,3
4390,4393,3
4368,4393,3
4356,4369,3
347,375,3
320,387,3
429,456,3
542,585,3
658,659,3
611,692,3
677,682,3
662,672,3
714,722,3
742,788,3
728,779,3
867,891,3
831,870,3
831,841,3
811,844,3
847,899,3
947,974,3
1033,1080,3
1256,1293,3
1239,1285,3
718,720,3
1218,1288,3
398,1263,3
382,746,3
368,734,3
341,716,3
341,734,3
778,1057,3
746,1038,3
381,786,3
797,1043,3
305,771,3
749,1073,3
1507,1542,3
1524,1569,3
1503,1532,3
1639,1677,3
1942,1995,3
1910,1918,3
1958,1967,3
1958,1979,3
1901,1989,3
1912,1948,3
1929,1996,3
1930,1961,3
1924,1973,3
1927,1995,3
1927,1961,3
1985,1998,3
1931,1964,3
1946,1969,3
1919,1923,3
1926,1939,3
1926,1946,3
1939,1964,3
1917,1981,3
1965,1993,3
1965,1970,3
1923,1940,3
1948,1992,3
2101,2149,3
2150,2177,3
2133,2176,3
2143,2174,3
2104,2112,3
2224,2274,3
2220,2245,3
2209,2219,3
2236,2288,3
2226,2293,3
2226,2263,3
2256,2299,3
2234,2292,3
2405,2458,3
2436,2467,3
2429,2484,3
2547,2595,3
2627,2674,3
3039,3065,3
3165,3192,3
659,3192,3
613,3145,3
248,3137,3
276,646,3
229,3141,3
231,665,3
724,3451,3
771,3471,3
602,3182,3
649,3188,3
215,2539,3
740,2175,3
609,3477,3
2175,3490,3
2183,3405,3
292,3436,3
4311,4342,3
4360,4374,3
4335,4343,3
266,273,3
208,242,3
323,357,3
312,375,3
544,580,3
510,556,3
627,682,3
613,622,3
780,790,3
753,770,3
769,770,3
805,876,3
865,891,3
848,851,3
831,851,3
810,848,3
862,897,3
802,851,3
868,888,3
832,852,3
849,878,3
926,970,3
1048,1058,3
1020,1050,3
1085,1090,3
1307,1378,3
1440,1472,3
625,695,3
813,823,3
802,837,3
837,884,3
719,1013,3
743,1043,3
313,786,3
739,1007,3
781,1095,3
376,739,3
727,1057,3
1022,1254,3
1503,1599,3
1949,1962,3
1990,1991,3
1901,1963,3
1904,1938,3
1930,1941,3
1955,1990,3
1905,1983,3
1937,1998,3
1935,1954,3
1928,1956,3
1928,1995,3
1969,1992,3
1963,1972,3
1940,1989,3
1940,1996,3
1976,1983,3
1915,1944,3
1911,1998,3
1926,1940,3
1933,1960,3
1917,1995,3
1932,1937,3
1932,1978,3
1903,1965,3
2001,2075,3
2113,2117,3
2132,2159,3
2240,2294,3
2237,2286,3
2223,2293,3
2214,2278,3
2262,2272,3
2263,2268,3
2209,2244,3
2209,2286,3
2226,2249,3
2279,2293,3
2203,2278,3
2259,2274,3
2437,2451,3
2413,2467,3
2412,2417,3
2565,2573,3
2570,2571,3
2546,2595,3
3041,3096,3
3123,3171,3
3116,3162,3
3171,3199,3
646,3178,3
314,1587,3
1247,1544,3
751,3411,3
3955,3974,3
4041,4098,3
4074,4093,3
4027,4093,3
4039,4096,3
602,3193,3
655,2199,3
606,2567,3
293,2586,3
274,2576,3
281,3414,3
3151,3410,3
4314,4327,3
4363,4370,3
4302,4325,3
4327,4338,3
4312,4313,3
130,177,3
203,288,3
209,220,3
217,261,3
215,256,3
303,337,3
301,321,3
323,348,3
335,365,3
744,789,3
742,770,3
736,757,3
843,850,3
802,870,3
849,879,3
1440,1486,3
601,693,3
822,827,3
385,758,3
385,760,3
368,786,3
743,1026,3
381,724,3
328,799,3
305,703,3
355,747,3
362,773,3
1532,1589,3
1539,1598,3
1639,1699,3
1910,1920,3
1921,1930,3
1901,1984,3
1952,1961,3
1924,1949,3
1920,1930,3
1909,1947,3
1905,1946,3
1916,1989,3
1906,1913,3
1950,1996,3
1931,1944,3
1931,1950,3
1938,1975,3
1938,1949,3
1915,1943,3
1957,1974,3
1911,1948,3
1926,1969,3
1923,1971,3
1913,1949,3
1902,1953,3
2150,2176,3
2214,2232,3
2263,2267,3
2263,2287,3
2226,2290,3
2239,2255,3
2267,2296,3
2275,2286,3
2459,2484,3
2460,2498,3
2407,2500,3
2429,2473,3
2430,2451,3
2526,2541,3
2538,2570,3
2541,2544,3
2531,2595,3
2525,2571,3
2570,2595,3
2673,2689,3
2655,2682,3
2626,2698,3
2603,2628,3
2628,2648,3
2940,2962,3
2955,2964,3
3046,3087,3
401,1635,3
3123,3173,3
3158,3191,3
3104,3191,3
3120,3127,3
226,658,3
1503,2697,3
755,3410,3
752,3477,3
3924,3930,3
4041,4073,3
4005,4098,3
4015,4023,3
4014,4028,3
641,3195,3
255,2510,3
2197,3402,3
286,772,3
295,3483,3
4317,4390,3
4343,4390,3
239,284,3
227,255,3
384,390,3
431,435,3
537,597,3
525,568,3
652,691,3
632,667,3
605,657,3
745,784,3
723,744,3
805,891,3
862,884,3
868,895,3
823,850,3
1041,1098,3
1033,1090,3
1039,1071,3
1009,1014,3
1237,1278,3
1255,1293,3
625,693,3
1018,1019,3
386,1231,3
368,726,3
703,1007,3
341,752,3
381,734,3
328,705,3
797,1002,3
330,703,3
772,1035,3
362,793,3
1092,1271,3
1503,1595,3
1639,1662,3
1639,1643,3
1949,1970,3
1960,1979,3
1983,1998,3
1910,1960,3
1914,1999,3
1914,1982,3
1901,1923,3
1912,1955,3
1962,1996,3
1962,1991,3
1929,1971,3
1904,1907,3
1930,1951,3
1924,1952,3
1927,1955,3
1951,1978,3
1905,1997,3
1935,1966,3
1928,1991,3
1906,1968,3
1906,1930,3
1992,1999,3
1919,1951,3
1938,1972,3
1984,1990,3
1911,1928,3
1936,1955,3
1934,1940,3
1972,1998,3
1917,1993,3
1902,1908,3
1902,1991,3
1948,1951,3
2172,2195,3
2176,2194,3
2113,2143,3
2105,2128,3
2223,2273,3
2232,2277,3
2247,2290,3
2202,2219,3
2283,2294,3
2206,2271,3
2213,2250,3
2213,2240,3
2203,2269,3
2205,2275,3
2294,2299,3
2207,2261,3
2245,2275,3
2417,2451,3
2404,2429,3
2438,2473,3
2473,2497,3
2521,2584,3
2563,2575,3
2565,2567,3
2525,2575,3
2643,2650,3
3059,3076,3
3041,3059,3
3041,3084,3
3021,3078,3
3039,3046,3
1240,1674,3
3173,3191,3
210,3109,3
204,625,3
682,3120,3
215,3199,3
1228,2608,3
1228,1587,3
733,3493,3
771,3410,3
3904,3931,3
3933,3941,3
3931,3989,3
4046,4099,3
4020,4057,3
4049,4081,3
4012,4042,3
4064,4098,3
2123,3151,3
292,628,3
443,2545,3
2573,3123,3
403,1637,3
244,760,3
218,716,3
2175,3477,3
3167,3483,3
272,1001,3
272,772,3
2186,3461,3
4311,4374,3
4317,4370,3
4304,4358,3
4304,4356,3
4348,4375,3
4338,4343,3
4319,4365,3
4355,4368,3
4355,4393,3
243,280,3
230,255,3
340,353,3
627,693,3
613,615,3
621,667,3
615,692,3
612,652,3
779,789,3
784,790,3
884,891,3
847,888,3
810,872,3
823,868,3
1003,1048,3
1333,1356,3
1362,1378,3
601,680,3
708,794,3
1005,1232,3
385,719,3
378,703,3
747,1025,3
368,719,3
773,1031,3
381,781,3
786,1001,3
360,731,3
330,727,3
749,1051,3
350,1022,3
1507,1589,3
1562,1590,3
1977,1997,3
1901,1949,3
1912,2000,3
1966,1986,3
1959,1963,3
1959,1999,3
1924,1938,3
1924,1983,3
1985,1996,3
1931,1983,3
1974,1988,3
1947,1953,3
1953,1966,3
1984,1994,3
1936,1940,3
1939,1954,3
1943,1991,3
1913,1974,3
1903,1939,3
1903,1936,3
1903,1947,3
1908,1911,3
1902,1928,3
2192,2200,3
2125,2152,3
2156,2164,3
2177,2200,3
2257,2270,3
2232,2252,3
2247,2249,3
2209,2218,3
2202,2227,3
2228,2240,3
2231,2238,3
2211,2242,3
2234,2242,3
2203,2224,3
2241,2273,3
2249,2295,3
2229,2259,3
2520,2551,3
2551,2576,3
2503,2521,3
2528,2584,3
401,1240,3
3145,3178,3
3105,3153,3
3108,3110,3
645,3186,3
283,692,3
314,1569,3
759,3463,3
374,3476,3
3966,3974,3
4049,4100,3
4093,4094,3
4056,4082,3
2123,3167,3
246,696,3
299,443,3
39,1662,3
2178,3475,3
603,3444,3
221,3491,3
690,1053,3
368,3188,3
4347,4365,3
4363,4365,3
4312,4343,3
141,172,3
219,288,3
271,299,3
264,276,3
227,275,3
372,373,3
346,375,3
375,390,3
320,348,3
714,788,3
715,800,3
720,742,3
702,715,3
742,756,3
717,789,3
839,895,3
827,833,3
867,879,3
822,838,3
969,970,3
917,944,3
1064,1097,3
1008,1054,3
1248,1272,3
1202,1246,3
1263,1277,3
702,787,3
822,837,3
806,812,3
382,737,3
762,1073,3
795,1031,3
704,1043,3
324,758,3
350,1238,3
1595,1599,3
1576,1589,3
1542,1599,3
1637,1662,3
1979,1982,3
1967,1996,3
1929,1977,3
1904,1951,3
1952,1962,3
1956,1979,3
1927,1969,3
1922,1979,3
1937,1960,3
1916,1959,3
1919,1979,3
1953,1967,3
1941,1950,3
1936,1995,3
1939,1963,3
1917,1965,3
1917,1968,3
1965,1967,3
1903,1973,3
1903,1921,3
1908,1913,3
1908,1938,3
2150,2161,3
2166,2198,3
2149,2200,3
2227,2240,3
2201,2228,3
2223,2261,3
2202,2256,3
2204,2218,3
2204,2214,3
2206,2261,3
2213,2231,3
2254,2296,3
2306,2334,3
2450,2473,3
2438,2441,3
2503,2565,3
430,1602,3
3125,3170,3
3112,3173,3
3109,3165,3
248,3199,3
1056,3440,3
752,3413,3
1095,3438,3
3931,3974,3
4094,4100,3
4043,4096,3
4033,4039,3
4028,4038,3
4004,4036,3
4004,4014,3
609,3155,3
39,3076,3
2391,2822,3
289,3471,3
2197,3421,3
1023,3114,3
3159,3413,3
4311,4375,3
4325,4381,3
4334,4347,3
248,264,3
205,254,3
271,280,3
365,384,3
317,342,3
316,347,3
402,443,3
568,575,3
592,595,3
556,588,3
659,692,3
732,770,3
833,844,3
801,850,3
813,881,3
832,848,3
1040,1075,3
1080,1086,3
1206,1239,3
605,695,3
747,1043,3
368,799,3
315,759,3
755,1043,3
768,1044,3
395,786,3
308,793,3
392,726,3
701,1073,3
792,1007,3
334,721,3
1504,1599,3
1508,1525,3
1532,1576,3
1585,1590,3
1907,1956,3
1921,1992,3
1914,1994,3
1914,1970,3
1901,1957,3
1966,1967,3
1955,1975,3
1927,2000,3
1920,1928,3
1905,2000,3
1935,1962,3
1916,1976,3
1906,1963,3
1931,1952,3
1974,1980,3
1938,1996,3
1945,1974,3
1957,1971,3
1918,1951,3
1918,1991,3
1934,1967,3
1913,1956,3
1903,1942,3
1908,1975,3
1975,1983,3
2146,2147,3
2139,2192,3
2112,2186,3
2104,2121,3
2261,2293,3
2209,2243,3
2202,2203,3
2255,2296,3
2231,2299,3
2208,2239,3
2242,2298,3
2252,2278,3
2218,2242,3
2203,2280,3
2219,2233,3
2437,2458,3
2458,2497,3
2404,2462,3
2521,2554,3
2527,2560,3
2613,2663,3
3101,3145,3
3173,3186,3
3109,3145,3
3108,3125,3
243,3109,3
660,3120,3
299,3117,3
701,3451,3
739,3446,3
739,3440,3
3914,3966,3
4004,4021,3
4045,4100,3
4008,4068,3
272,3172,3
290,3167,3
2153,3174,3
299,2570,3
1693,2568,3
403,3116,3
281,716,3
3195,3402,3
218,1053,3
263,1095,3
292,1023,3
292,751,3
690,1023,3
4348,4374,3
4328,4360,3
4327,4375,3
4327,4397,3
203,239,3
210,266,3
211,232,3
227,274,3
350,359,3
323,384,3
401,425,3
568,597,3
522,550,3
557,588,3
659,688,3
714,765,3
738,798,3
720,777,3
735,756,3
844,870,3
823,859,3
832,867,3
852,895,3
937,944,3
1055,1086,3
1055,1080,3
1472,1491,3
507,510,3
601,692,3
715,718,3
735,800,3
381,749,3
797,1021,3
797,1026,3
305,747,3
362,743,3
314,1212,3
1537,1594,3
1539,1576,3
1673,1692,3
1907,1999,3
1925,1962,3
1981,1986,3
1982,1987,3
1958,1987,3
1914,1916,3
1912,1994,3
1929,1981,3
1952,1993,3
1930,1982,3
1927,1951,3
1920,1956,3
1905,1922,3
1974,1991,3
1919,1967,3
1953,1981,3
1938,1969,3
1917,1974,3
1913,1992,3
1903,1963,3
1908,1945,3
1902,1972,3
1948,1965,3
2151,2175,3
2151,2159,3
2133,2195,3
2149,2164,3
2104,2106,3
2121,2193,3
2138,2150,3
2240,2269,3
2227,2231,3
2227,2257,3
2247,2276,3
2202,2234,3
2233,2294,3
2211,2275,3
2211,2258,3
2208,2279,3
2221,2235,3
2256,2277,3
2267,2290,3
2207,2255,3
2268,2293,3
2306,2328,3
2454,2500,3
2464,2496,3
2545,2547,3
2565,2575,3
2528,2576,3
2515,2560,3
2613,2681,3
2711,2753,3
3021,3075,3
3076,3084,3
3120,3165,3
3120,3169,3
610,3137,3
229,660,3
752,3405,3
3908,3914,3
4023,4082,3
4013,4080,3
289,3134,3
2199,3172,3
641,2197,3
609,2105,3
221,3436,3
2175,3471,3
286,1053,3
295,3491,3
295,751,3
2186,3491,3
3188,3483,3
4304,4312,3
4302,4348,3
4328,4393,3
4334,4381,3
220,239,3
201,209,3
211,254,3
227,264,3
318,349,3
416,476,3
544,586,3
657,659,3
682,693,3
788,800,3
744,754,3
723,782,3
717,783,3
850,888,3
806,862,3
810,867,3
832,845,3
1225,1285,3
425,429,3
607,646,3
702,796,3
810,895,3
1006,1060,3
331,1297,3
331,1298,3
385,795,3
378,743,3
341,730,3
773,1053,3
313,766,3
705,1031,3
750,1072,3
392,778,3
392,785,3
334,737,3
763,1025,3
707,1045,3
1092,1236,3
1949,1958,3
1925,1997,3
1925,1968,3
1925,1981,3
1967,1988,3
1921,1949,3
1958,1984,3
1901,1940,3
1912,1936,3
1987,1991,3
1924,1974,3
1922,1949,3
1951,1977,3
1920,1975,3
1909,1939,3
1906,1938,3
1931,1963,3
1931,1982,3
1919,1995,3
1976,1995,3
1926,1987,3
1933,1983,3
1933,1977,3
1923,1952,3
1994,1996,3
1932,1977,3
1975,1999,3
2128,2193,3
2117,2198,3
2127,2156,3
2138,2174,3
2240,2245,3
2210,2244,3
2284,2288,3
2201,2238,3
2248,2283,3
2217,2233,3
2204,2298,3
2279,2291,3
2288,2296,3
2213,2299,3
2213,2228,3
2213,2220,3
2234,2275,3
2207,2236,3
2281,2288,3
2459,2498,3
2413,2459,3
2436,2454,3
2469,2492,3
2427,2459,3
2404,2413,3
2505,2526,3
2520,2571,3
2527,2568,3
2515,2595,3
2610,2648,3
3059,3089,3
461,1240,3
3127,3165,3
3116,3127,3
3105,3113,3
3108,3168,3
232,3192,3
645,3192,3
204,657,3
605,3132,3
276,3112,3
1053,3476,3
1023,3447,3
1001,3493,3
4026,4028,3
4039,4100,3
641,3198,3
290,609,3
2153,3154,3
2175,3154,3
386,2538,3
1300,2522,3
299,1300,3
274,1645,3
274,443,3
212,2503,3
1625,3063,3
391,2887,3
2152,3414,3
3193,3461,3
2183,3440,3
716,3182,3
263,3491,3
2153,3490,3
4325,4369,3
4327,4335,3
4312,4369,3
4312,4397,3
283,294,3
204,266,3
211,294,3
261,284,3
320,357,3
403,441,3
522,554,3
518,586,3
523,585,3
604,624,3
658,695,3
631,652,3
723,779,3
742,757,3
717,798,3
878,891,3
819,894,3
831,849,3
1024,1081,3
1048,1052,3
1206,1299,3
1208,1220,3
811,888,3
724,1002,3
381,730,3
726,1053,3
712,1072,3
750,1053,3
760,1025,3
774,1021,3
305,781,3
355,729,3
1859,1879,3
1942,1973,3
1942,1991,3
1925,1967,3
1982,2000,3
1914,1949,3
1912,1956,3
1964,1987,3
1996,2000,3
1970,1987,3
1929,1943,3
1904,1941,3
1954,1984,3
1930,1974,3
1951,1960,3
1909,1953,3
1905,1934,3
1905,1918,3
1916,1920,3
1906,1996,3
1974,1986,3
1919,1986,3
1953,1994,3
1940,1968,3
1938,1954,3
1945,1962,3
1915,1934,3
1918,1926,3
1911,1958,3
1934,1968,3
1934,1998,3
1926,1994,3
1933,1986,3
1917,1972,3
1913,1920,3
1932,1980,3
1948,1952,3
2101,2150,3
2102,2146,3
2159,2193,3
2194,2200,3
2192,2194,3
2147,2159,3
2170,2172,3
2232,2289,3
2209,2238,3
2242,2269,3
2215,2229,3
2293,2297,3
2235,2266,3
2235,2276,3
2249,2300,3
2216,2257,3
2254,2279,3
2406,2436,3
2454,2460,3
2407,2464,3
2429,2460,3
2438,2447,3
2551,2560,3
2525,2568,3
2627,2697,3
2753,2794,3
3021,3059,3
3141,3158,3
3142,3189,3
638,3152,3
226,698,3
680,3157,3
229,3145,3
771,3447,3
3941,3978,3
4068,4074,3
4027,4100,3
673,3172,3
246,3172,3
263,2106,3
263,602,3
290,3114,3
696,2105,3
628,3114,3
1300,2576,3
274,2600,3
221,3461,3
679,716,3
263,1001,3
295,772,3
2153,3483,3
4325,4350,3
4318,4324,3
4319,4342,3
130,135,3
209,216,3
234,294,3
353,400,3
371,390,3
523,574,3
618,697,3
714,732,3
770,784,3
745,782,3
753,776,3
756,765,3
822,844,3
965,999,3
1061,1067,3
1060,1061,3
1259,1279,3
1225,1270,3
1217,1237,3
838,847,3
382,750,3
378,795,3
341,761,3
773,1029,3
758,1007,3
768,1026,3
1558,1562,3
1655,1686,3
1907,1925,3
1929,1990,3
1930,1978,3
1920,1923,3
1905,1914,3
1963,1964,3
1947,1963,3
1919,1949,3
1918,1966,3
1933,1985,3
1902,1971,3
2180,2194,3
2123,2167,3
2103,2138,3
2149,2161,3
2127,2133,3
2227,2251,3
2201,2233,3
2202,2277,3
2202,2280,3
2228,2286,3
2242,2253,3
2265,2283,3
2256,2298,3
2213,2298,3
2278,2298,3
2216,2283,3
2229,2274,3
2334,2335,3
2315,2326,3
2413,2462,3
2467,2498,3
2539,2584,3
2515,2570,3
2515,2565,3
2870,2877,3
255,605,3
1504,2682,3
3941,3974,3
3906,3978,3
4074,4081,3
4006,4089,3
4006,4021,3
4021,4098,3
641,3155,3
655,3159,3
628,3167,3
611,2571,3
215,1645,3
684,2567,3
274,2510,3
212,2551,3
3193,3483,3
3193,3410,3
2183,3410,3
247,3402,3
292,364,3
3114,3436,3
4350,4369,3
4312,4358,3
4342,4370,3
226,234,3
256,273,3
227,256,3
303,347,3
306,398,3
316,383,3
580,597,3
525,580,3
508,568,3
610,627,3
615,660,3
632,697,3
638,650,3
765,780,3
782,798,3
723,754,3
702,714,3
756,800,3
756,788,3
819,823,3
831,832,3
895,899,3
813,895,3
926,969,3
1032,1085,3
1071,1099,3
1211,1246,3
1245,1263,3
1352,1355,3
210,229,3
304,336,3
1010,1030,3
1015,1039,3
1231,1297,3
382,703,3
721,1038,3
726,1029,3
305,792,3
1655,1662,3
1925,1985,3
1910,1930,3
1914,1974,3
1901,1972,3
1901,1928,3
1912,1959,3
1924,1926,3
1924,1997,3
1924,1958,3
1922,1933,3
1920,1926,3
1920,1966,3
1905,1978,3
1935,1960,3
1974,1994,3
1953,1995,3
1915,1953,3
1934,1951,3
1933,1990,3
1932,1961,3
1902,1944,3
1948,1997,3
2108,2161,3
2164,2200,3
2164,2171,3
2118,2125,3
2202,2228,3
2217,2289,3
2204,2229,3
2204,2210,3
2258,2280,3
2203,2275,3
2205,2214,3
2278,2286,3
2485,2496,3
2668,2674,3
2610,2629,3
2870,2887,3
3041,3076,3
3041,3078,3
3169,3173,3
3125,3189,3
3161,3197,3
3108,3197,3
210,3104,3
243,659,3
230,692,3
1581,2667,3
1095,3479,3
4046,4063,3
4004,4098,3
4004,4094,3
4015,4093,3
4012,4063,3
4056,4068,3
247,655,3
611,2546,3
606,2545,3
2152,3483,3
2152,3402,3
4317,4369,3
4348,4350,3
4328,4390,3
4319,4363,3
4313,4400,3
4365,4393,3
217,284,3
274,280,3
650,692,3
615,695,3
744,796,3
722,741,3
784,788,3
735,754,3
812,843,3
868,889,3
832,849,3
832,894,3
937,991,3
1041,1099,3
1050,1098,3
1277,1279,3
1225,1239,3
425,432,3
518,521,3
607,677,3
702,756,3
702,769,3
718,722,3
837,870,3
838,879,3
838,874,3
838,897,3
968,986,3
1018,1020,3
1205,1220,3
378,772,3
378,755,3
354,781,3
721,1002,3
705,1021,3
712,1073,3
760,1026,3
766,1002,3
376,740,3
701,1021,3
1501,1596,3
1506,1524,3
1646,1677,3
1625,1639,3
1960,1970,3
1907,1966,3
1983,1992,3
1942,1952,3
1921,2000,3
1958,1973,3
1914,1996,3
1901,1987,3
1912,1963,3
1912,1969,3
1964,1994,3
1964,1990,3
1930,1986,3
1924,2000,3
1909,1941,3
1909,1950,3
1909,1955,3
1937,1941,3
1937,1969,3
1928,1939,3
1928,1931,3
1916,1939,3
1916,1935,3
1906,1983,3
1906,1907,3
1931,1991,3
1944,1997,3
1945,1996,3
1957,1987,3
1941,1961,3
1933,1999,3
1923,1976,3
1943,1990,3
1913,1980,3
1902,1919,3
2123,2125,3
2102,2193,3
2108,2139,3
2143,2161,3
2117,2176,3
2228,2256,3
2228,2250,3
2217,2258,3
2204,2265,3
2265,2277,3
2287,2293,3
2206,2222,3
2225,2236,3
2286,2299,3
2267,2297,3
2245,2252,3
2406,2496,3
2460,2496,3
2413,2492,3
2407,2459,3
2425,2478,3
2469,2496,3
2412,2500,3
2589,2596,3
2503,2520,3
2515,2528,3
2624,2666,3
2666,2689,3
2803,2833,3
2833,2870,3
3011,3041,3
3107,3152,3
3110,3125,3
3112,3171,3
645,3123,3
670,3132,3
293,3117,3
212,3162,3
1063,2682,3
1228,1576,3
1056,3438,3
771,3436,3
771,3444,3
3916,3930,3
3916,3933,3
4046,4059,3
4038,4093,3
4012,4020,3
4014,4073,3
673,2199,3
281,2123,3
641,3159,3
221,649,3
248,2568,3
3182,3471,3
218,3491,3
218,763,3
760,3159,3
286,3405,3
3151,3421,3
763,3182,3
690,3471,3
4317,4386,3
4335,4390,3
4327,4355,3
4327,4343,3
4358,4393,3
4312,4368,3
4334,4378,3
229,293,3
243,256,3
254,283,3
335,339,3
429,491,3
515,542,3
550,570,3
510,578,3
620,652,3
658,680,3
612,639,3
631,685,3
738,742,3
720,741,3
757,765,3
874,888,3
819,865,3
843,874,3
801,839,3
1273,1286,3
1359,1362,3
307,326,3
708,710,3
822,833,3
385,709,3
315,739,3
778,1029,3
308,771,3
733,1025,3
771,1021,3
707,1013,3
1558,1570,3
1961,1982,3
1983,1997,3
1910,1991,3
1966,1989,3
1987,1994,3
1956,1971,3
1951,1981,3
1937,1948,3
1935,1971,3
1950,1969,3
1947,1991,3
1919,1948,3
1989,1990,3
1918,1960,3
1926,1996,3
1933,1976,3
1917,1939,3
1948,1995,3
2103,2161,3
2103,2184,3
2164,2195,3
2210,2211,3
2232,2275,3
2262,2295,3
2242,2257,3
2283,2292,3
2206,2293,3
2241,2282,3
2429,2478,3
2450,2478,3
2412,2443,3
2536,2541,3
2604,2689,3
2947,2960,3
3041,3065,3
398,461,3
3118,3148,3
3104,3127,3
3105,3177,3
266,611,3
680,3186,3
333,1576,3
314,1561,3
752,3461,3
4023,4033,3
4028,4045,3
4021,4036,3
673,3151,3
673,2123,3
2186,3155,3
205,2567,3
490,2531,3
490,2568,3
2600,3180,3
1693,2567,3
39,398,3
401,2822,3
218,3471,3
609,1023,3
716,3151,3
368,2153,3
4374,4393,3
4342,4381,3
28,53,3
242,280,3
201,288,3
226,256,3
528,570,3
521,556,3
638,658,3
770,780,3
839,884,3
850,889,3
813,844,3
810,878,3
845,899,3
802,878,3
859,888,3
859,878,3
986,999,3
1257,1270,3
612,691,3
711,775,3
378,712,3
341,705,3
364,749,3
778,1013,3
705,1045,3
705,1057,3
706,1044,3
731,1043,3
308,712,3
366,747,3
330,772,3
305,719,3
1506,1538,3
1961,1977,3
1907,1941,3
1925,1988,3
1901,1969,3
1912,1965,3
1904,1974,3
1978,1993,3
1920,1936,3
1935,1987,3
1928,1998,3
1916,1967,3
1906,1928,3
1953,1961,3
1940,1985,3
1940,1954,3
1941,1970,3
1917,1929,3
1917,1964,3
1943,1979,3
1908,1914,3
2101,2177,3
2123,2146,3
2150,2196,3
2118,2193,3
2106,2193,3
2240,2259,3
2270,2277,3
2209,2211,3
2295,2296,3
2242,2256,3
2221,2297,3
2235,2272,3
2245,2283,3
2249,2260,3
2406,2438,3
2458,2469,3
2441,2492,3
2427,2429,3
2438,2497,3
2412,2497,3
2514,2563,3
2528,2534,3
2612,2673,3
2753,2770,3
3063,3084,3
431,1652,3
3127,3175,3
3135,3189,3
3128,3135,3
3171,3178,3
205,605,3
215,3117,3
606,3117,3
665,3116,3
740,3463,3
724,3476,3
4012,4080,3
4027,4041,3
244,3134,3
696,3154,3
215,443,3
215,2586,3
610,2539,3
1299,2822,3
603,740,3
603,3440,3
3122,3410,3
2199,3475,3
772,3188,3
246,3491,3
716,3167,3
4311,4350,3
4363,4393,3
4379,4396,3
4328,4350,3
4308,4338,3
203,209,3
214,216,3
234,299,3
303,316,3
303,339,3
367,372,3
323,372,3
544,557,3
510,563,3
525,588,3
652,662,3
715,757,3
722,770,3
713,732,3
757,777,3
702,710,3
728,741,3
728,765,3
754,783,3
865,881,3
822,843,3
801,833,3
811,867,3
847,889,3
802,891,3
902,969,3
1011,1058,3
1017,1087,3
1333,1378,3
215,230,3
710,725,3
823,899,3
378,764,3
378,760,3
378,721,3
721,1044,3
743,1007,3
308,747,3
730,1072,3
376,760,3
305,778,3
727,1073,3
340,1254,3
1834,1879,3
1961,1995,3
1949,1985,3
1942,1967,3
1925,1944,3
1925,1954,3
1910,1965,3
1982,1991,3
1901,1988,3
1912,1942,3
1904,1953,3
1954,1960,3
1952,1983,3
1922,1924,3
1922,1942,3
1950,1951,3
1969,1995,3
1947,1989,3
1947,1986,3
1944,1958,3
1938,1959,3
1945,1978,3
1915,1956,3
1936,1942,3
1917,1951,3
2164,2172,3
2161,2176,3
2104,2128,3
2121,2197,3
2227,2253,3
2250,2285,3
2209,2242,3
2236,2271,3
2204,2270,3
2291,2293,3
2264,2279,3
2203,2231,3
2207,2263,3
2244,2246,3
2272,2282,3
2229,2242,3
2454,2485,3
2443,2447,3
2407,2441,3
2412,2496,3
2412,2469,3
2522,2538,3
2575,2586,3
2641,2681,3
3184,3191,3
3157,3173,3
232,3112,3
646,3186,3
211,3192,3
205,659,3
374,3440,3
4023,4036,3
4004,4064,3
4006,4045,3
4027,4089,3
281,641,3
290,696,3
293,1300,3
603,724,3
246,3477,3
3193,3475,3
1001,2178,3
3114,3405,3
4348,4368,3
4302,4356,3
4319,4374,3
4327,4347,3
4308,4350,3
4312,4338,3
269,276,3
205,269,3
223,264,3
211,296,3
254,293,3
254,269,3
310,353,3
316,371,3
537,570,3
621,639,3
638,681,3
738,782,3
782,788,3
782,783,3
723,732,3
736,745,3
741,784,3
789,794,3
769,780,3
728,796,3
819,888,3
819,839,3
812,850,3
843,872,3
801,832,3
802,838,3
851,852,3
917,947,3
713,783,3
725,790,3
364,721,3
712,1051,3
314,1042,3
1654,1682,3
1910,1973,3
1912,1934,3
1962,1963,3
1973,1996,3
1929,1947,3
1929,1979,3
1959,1968,3
1978,1984,3
1978,1999,3
1978,1990,3
1924,1954,3
1951,1962,3
1920,1968,3
1909,1967,3
1928,1983,3
1969,1990,3
1971,2000,3
1984,1999,3
1933,1949,3
1917,1926,3
1908,1949,3
2157,2184,3
2248,2257,3
2220,2234,3
2233,2244,3
2231,2251,3
2204,2211,3
2218,2256,3
2213,2258,3
2203,2216,3
2245,2253,3
2216,2246,3
2413,2458,3
2454,2459,3
2410,2413,3
2427,2438,3
2503,2568,3
2603,2610,3
416,1674,3
416,1656,3
3107,3171,3
3107,3145,3
3125,3136,3
3116,3169,3
624,3178,3
255,3132,3
215,3109,3
1056,3477,3
751,3438,3
759,3491,3
4028,4089,3
4021,4093,3
1300,2570,3
2522,3123,3
275,2531,3
275,2568,3
425,1682,3
221,1053,3
3195,3410,3
609,763,3
760,3195,3
286,716,3
364,3193,3
2186,3490,3
3188,3461,3
4317,4328,3
223,280,3
303,384,3
316,357,3
523,536,3
578,584,3
613,650,3
604,610,3
610,682,3
714,744,3
765,770,3
782,796,3
756,789,3
874,878,3
822,881,3
822,847,3
947,986,3
1032,1050,3
1011,1039,3
1003,1085,3
1020,1064,3
1039,1086,3
1206,1277,3
1259,1270,3
1356,1378,3
1307,1355,3
403,405,3
621,631,3
813,831,3
1018,1098,3
382,716,3
752,1043,3
719,1002,3
315,752,3
785,1001,3
705,1053,3
305,758,3
1063,1223,3
1991,1995,3
1910,1976,3
1914,1930,3
1988,1993,3
1962,1990,3
1904,1939,3
1904,1993,3
1904,1991,3
1968,1999,3
1920,1987,3
1920,1967,3
1928,1961,3
1919,1935,3
1936,1970,3
1934,1966,3
1934,1960,3
1943,1984,3
1913,1982,3
1908,1957,3
1902,1923,3
2001,2042,3
2201,2240,3
2223,2268,3
2223,2284,3
2230,2244,3
2208,2212,3
2242,2280,3
2204,2283,3
2221,2249,3
2206,2221,3
2222,2266,3
2238,2244,3
2205,2242,3
2410,2478,3
2429,2451,3
2521,2525,3
2527,2576,3
2648,2689,3
430,1674,3
3176,3177,3
3105,3148,3
210,645,3
226,3162,3
299,698,3
230,613,3
1269,1542,3
751,3479,3
771,3413,3
3931,3966,3
3927,3965,3
4045,4093,3
4049,4074,3
2105,3193,3
290,641,3
628,2153,3
2570,3180,3
610,2567,3
603,3491,3
3182,3402,3
3195,3444,3
286,3402,3
2183,3402,3
1023,3151,3
368,2183,3
4325,4370,3
4304,4381,3
4348,4363,3
4343,4375,3
4308,4348,3
229,276,3
231,275,3
318,342,3
323,326,3
342,370,3
342,349,3
515,597,3
550,578,3
563,568,3
523,584,3
574,592,3
782,794,3
702,711,3
741,744,3
819,848,3
845,894,3
926,944,3
1011,1052,3
1039,1088,3
1015,1064,3
1355,1388,3
508,595,3
605,693,3
1212,1229,3
1074,1292,3
364,747,3
746,1073,3
313,704,3
706,1043,3
731,1095,3
731,1029,3
774,1002,3
781,1013,3
730,1073,3
366,793,3
360,786,3
376,729,3
1960,2000,3
1942,1996,3
1990,1998,3
1954,1963,3
1959,1966,3
1956,1962,3
1956,1967,3
1924,1940,3
1922,1929,3
1968,1986,3
1920,1929,3
1931,1962,3
1944,1999,3
1938,1955,3
1918,1972,3
1941,1989,3
1941,1999,3
1965,1978,3
1923,1938,3
1932,1955,3
1903,1967,3
1908,1935,3
1902,1946,3
2113,2149,3
2273,2279,3
2277,2286,3
2220,2227,3
2231,2250,3
2217,2285,3
2225,2279,3
2260,2281,3
2254,2263,3
2229,2298,3
2417,2458,3
2425,2436,3
2450,2467,3
2521,2538,3
2575,2584,3
2604,2656,3
2801,2833,3
3046,3065,3
3107,3141,3
3191,3199,3
3184,3192,3
646,3109,3
698,3112,3
1066,2697,3
369,1587,3
1287,2667,3
733,3471,3
733,3405,3
752,3411,3
759,3421,3
3904,3916,3
3940,3974,3
4041,4094,3
4023,4073,3
4028,4049,3
4028,4098,3
4039,4041,3
655,3182,3
2510,3123,3
39,2830,3
3198,3421,3
218,368,3
763,3188,3
4317,4368,3
4302,4369,3
117,135,3
203,214,3
229,234,3
223,275,3
264,296,3
525,537,3
620,672,3
646,658,3
717,738,3
769,777,3
711,714,3
767,788,3
865,897,3
844,868,3
1080,1088,3
1009,1024,3
1085,1097,3
1010,1068,3
1259,1288,3
1235,1299,3
1239,1288,3
223,231,3
231,243,3
401,476,3
507,521,3
710,783,3
827,831,3
806,813,3
1015,1085,3
385,734,3
378,752,3
719,1057,3
746,1002,3
309,731,3
712,1029,3
751,1073,3
731,1021,3
792,1044,3
707,1029,3
1983,1993,3
1970,1973,3
1904,1978,3
1954,1987,3
1955,1971,3
1922,1994,3
1922,1997,3
1906,1998,3
1969,1985,3
1963,1970,3
1919,1975,3
1919,1944,3
1915,1986,3
1915,1942,3
1957,1972,3
1918,1961,3
1926,1984,3
1926,1953,3
1933,1975,3
1939,1956,3
1917,1931,3
1923,1990,3
1923,1998,3
1913,1952,3
1908,1919,3
1948,1957,3
2150,2198,3
2127,2200,3
2125,2167,3
2156,2196,3
2138,2166,3
2201,2211,3
2247,2261,3
2209,2232,3
2282,2300,3
2225,2266,3
2222,2300,3
2267,2293,3
2235,2287,3
2244,2256,3
2241,2272,3
2407,2473,3
2584,2586,3
2628,2685,3
3180,3191,3
615,3199,3
613,3152,3
314,1544,3
314,1598,3
759,3461,3
3933,3940,3
3974,3989,3
3906,3916,3
4005,4058,3
4014,4041,3
2106,3159,3
443,1645,3
772,2152,3
679,3483,3
246,364,3
746,2197,3
263,3475,3
690,1001,3
2153,3477,3
4318,4379,3
4363,4400,3
4302,4338,3
130,195,3
431,476,3
575,580,3
507,578,3
525,574,3
615,698,3
732,769,3
723,735,3
723,798,3
717,776,3
736,770,3
735,744,3
735,765,3
769,796,3
833,867,3
831,884,3
884,895,3
813,872,3
879,888,3
968,974,3
1019,1052,3
1037,1078,3
1054,1067,3
1237,1259,3
1409,1424,3
401,471,3
315,781,3
743,1023,3
759,1073,3
376,706,3
305,706,3
771,1025,3
362,774,3
1042,1287,3
1504,1569,3
1539,1581,3
1907,1924,3
1921,1997,3
1996,1997,3
1904,1911,3
1904,1947,3
1956,1984,3
1955,1999,3
1922,1985,3
1922,1952,3
1951,1989,3
1951,1983,3
1968,1996,3
1909,1919,3
1905,1913,3
1935,1975,3
1935,1942,3
1946,1956,3
1947,1975,3
1944,1989,3
1971,1972,3
1938,1991,3
1976,1981,3
1941,1978,3
1933,1993,3
1965,1992,3
1965,1979,3
1932,1971,3
1903,1920,3
1903,1956,3
1902,1951,3
2103,2166,3
2257,2298,3
2201,2217,3
2248,2292,3
2250,2256,3
2220,2280,3
2208,2295,3
2252,2253,3
2222,2247,3
2203,2251,3
2244,2274,3
2241,2271,3
2219,2265,3
2216,2232,3
2229,2246,3
2417,2454,3
2405,2460,3
2425,2500,3
2410,2473,3
2404,2412,3
2520,2527,3
2679,2685,3
2603,2685,3
3093,3096,3
3078,3096,3
3046,3096,3
3101,3137,3
3136,3153,3
3116,3165,3
274,658,3
615,3117,3
211,658,3
229,657,3
333,1598,3
752,3475,3
366,3405,3
4038,4049,3
628,2183,3
611,2534,3
443,684,3
1053,3114,3
3188,3405,3
763,3167,3
4317,4338,3
4304,4311,3
4318,4362,3
4362,4396,3
4368,4400,3
4308,4372,3
4329,4398,3
271,296,3
267,288,3
231,255,3
339,357,3
346,357,3
346,356,3
301,333,3
320,375,3
544,578,3
542,557,3
550,575,3
667,672,3
783,800,3
732,745,3
722,748,3
713,741,3
742,745,3
736,748,3
796,800,3
819,833,3
867,888,3
812,897,3
843,878,3
813,884,3
849,888,3
937,947,3
1355,1362,3
204,296,3
231,299,3
510,536,3
711,798,3
806,831,3
823,895,3
1018,1032,3
368,705,3
315,797,3
791,1021,3
309,746,3
762,1072,3
762,1051,3
760,1021,3
760,1044,3
774,1043,3
1506,1532,3
1646,1654,3
1942,1965,3
1910,1988,3
1967,1977,3
1929,1970,3
1952,1953,3
1916,1958,3
1931,1946,3
1969,1975,3
1945,1986,3
1915,1946,3
1936,1941,3
1934,1997,3
1934,1980,3
1934,1989,3
1965,1973,3
1913,1916,3
1932,1986,3
1902,1956,3
2101,2196,3
2123,2193,3
2113,2170,3
2133,2174,3
2184,2198,3
2104,2193,3
2138,2180,3
2138,2157,3
2271,2284,3
2210,2280,3
2201,2230,3
2214,2292,3
2214,2230,3
2262,2273,3
2209,2233,3
2202,2250,3
2233,2251,3
2211,2244,3
2242,2244,3
2279,2284,3
2264,2268,3
2213,2256,3
2234,2280,3
2205,2227,3
2207,2254,3
2244,2257,3
2216,2256,3
2216,2258,3
2406,2464,3
2514,2567,3
2551,2567,3
1240,1602,3
266,658,3
615,3192,3
670,3162,3
601,3157,3
1561,2699,3
716,3463,3
763,3451,3
4073,4082,3
4026,4073,3
2123,3174,3
281,673,3
641,2106,3
215,2600,3
205,1693,3
490,3104,3
431,2822,3
603,3421,3
740,3151,3
3167,3477,3
263,3471,3
3151,3440,3
690,3444,3
4328,4400,3
4312,4370,3
4334,4397,3
4366,4372,3
211,283,3
317,396,3
318,340,3
335,393,3
585,588,3
508,575,3
631,667,3
805,841,3
865,888,3
848,850,3
876,894,3
822,845,3
812,813,3
804,805,3
1048,1086,3
1003,1071,3
1020,1058,3
1215,1270,3
1277,1285,3
204,273,3
605,682,3
612,697,3
702,789,3
1416,1491,3
378,716,3
374,743,3
341,758,3
313,701,3
712,1002,3
716,1073,3
1501,1566,3
1524,1544,3
1585,1596,3
1692,1693,3
1962,1974,3
1973,1993,3
1970,1979,3
1929,1934,3
1904,1943,3
1930,1979,3
1927,1934,3
1920,1994,3
1909,1958,3
1935,1993,3
1919,1993,3
1919,1929,3
1953,1997,3
1953,1976,3
1953,1956,3
1993,1997,3
1993,1996,3
1945,1948,3
1945,2000,3
1945,1967,3
1933,1935,3
1933,1979,3
1948,1967,3
2159,2199,3
2174,2176,3
2125,2159,3
2210,2217,3
2232,2237,3
2276,2279,3
2220,2224,3
2220,2253,3
2214,2251,3
2263,2272,3
2209,2292,3
2265,2292,3
2234,2244,3
2234,2237,3
2203,2259,3
2203,2258,3
2203,2217,3
2207,2281,3
2246,2248,3
2325,2326,3
2425,2469,3
2429,2497,3
2427,2443,3
2450,2464,3
2573,2584,3
2539,2554,3
2595,2600,3
2650,2698,3
2650,2656,3
2648,2666,3
3019,3084,3
3077,3093,3
3049,3093,3
3162,3175,3
243,622,3
692,3145,3
215,3112,3
746,3438,3
1056,3471,3
3901,3913,3
3916,3924,3
4068,4100,3
4058,4089,3
2105,3151,3
281,655,3
602,2106,3
602,3155,3
290,2175,3
655,3193,3
386,2584,3
248,490,3
684,2539,3
1693,2563,3
274,2568,3
403,2505,3
603,1053,3
724,2199,3
246,3410,3
609,724,3
1001,2183,3
1023,2197,3
292,772,3
1095,2197,3
4308,4370,3
4342,4343,3
229,296,3
255,296,3
528,588,3
515,592,3
515,528,3
537,544,3
556,586,3
507,537,3
650,695,3
646,681,3
632,648,3
714,770,3
788,794,3
770,783,3
776,787,3
742,779,3
756,776,3
805,868,3
827,865,3
841,872,3
806,895,3
845,881,3
802,844,3
823,851,3
1011,1088,3
1055,1058,3
1033,1039,3
1286,1288,3
1216,1225,3
1230,1276,3
1279,1288,3
1218,1286,3
1303,1352,3
1062,1289,3
612,631,3
718,779,3
398,1292,3
382,771,3
374,705,3
729,1013,3
752,1035,3
341,719,3
309,740,3
705,1072,3
768,1045,3
308,730,3
360,743,3
376,759,3
727,1056,3
799,1051,3
1961,1988,3
1967,1989,3
1901,1924,3
1964,1979,3
1962,1985,3
1929,1963,3
1929,1966,3
1952,1970,3
1924,1964,3
1955,1958,3
1968,1995,3
1909,1922,3
1937,1994,3
1937,1978,3
1906,1958,3
1931,1984,3
1963,1989,3
1953,1975,3
1953,1960,3
1938,1940,3
1938,1961,3
1945,1969,3
1915,1948,3
1915,1977,3
1957,2000,3
1911,1953,3
1933,1969,3
1932,1952,3
1932,1996,3
1908,2000,3
1902,1984,3
2180,2196,3
2150,2156,3
2132,2147,3
2128,2146,3
2183,2193,3
2224,2251,3
2201,2220,3
2248,2259,3
2263,2291,3
2282,2295,3
2208,2290,3
2252,2294,3
2206,2288,3
2203,2233,3
2207,2293,3
2245,2258,3
2246,2285,3
2447,2452,3
2413,2438,3
2430,2450,3
2604,2612,3
3164,3189,3
3149,3158,3
3152,3191,3
3152,3199,3
3135,3183,3
3113,3125,3
684,3117,3
658,3162,3
211,3117,3
299,605,3
212,3178,3
264,3152,3
1014,1569,3
1544,2655,3
733,3451,3
752,3463,3
366,3490,3
4046,4080,3
4010,4016,3
2123,3182,3
690,3174,3
2576,3180,3
299,1693,3
1645,3123,3
401,2877,3
1299,2830,3
2152,3436,3
292,740,3
4319,4378,3
4343,4358,3
4327,4356,3
4396,4398,3
117,141,3
230,269,3
337,356,3
544,597,3
537,584,3
537,550,3
563,588,3
536,574,3
627,657,3
620,632,3
606,660,3
611,638,3
677,692,3
601,657,3
720,790,3
770,782,3
717,753,3
741,780,3
833,894,3
827,852,3
827,839,3
831,891,3
831,850,3
806,850,3
868,879,3
917,974,3
1019,1039,3
1257,1259,3
227,299,3
711,776,3
710,748,3
822,832,3
385,786,3
354,799,3
752,1045,3
364,799,3
743,1072,3
726,1045,3
313,733,3
766,1021,3
330,707,3
792,1025,3
1092,1212,3
1507,1553,3
1607,1655,3
1961,1965,3
1949,1968,3
1914,1948,3
1901,1961,3
1901,1977,3
1962,1968,3
1970,1989,3
1929,1942,3
1956,1964,3
1924,1946,3
1924,1925,3
1927,1962,3
1951,1992,3
1935,1957,3
1974,1981,3
1918,1935,3
1911,1969,3
1911,1967,3
1936,1951,3
1939,1969,3
1923,1947,3
1943,1955,3
2193,2199,3
2105,2191,3
2240,2256,3
2240,2242,3
2224,2259,3
2220,2277,3
2230,2265,3
2255,2293,3
2252,2270,3
2258,2265,3
2215,2233,3
2206,2279,3
2264,2287,3
2264,2282,3
2205,2244,3
2244,2248,3
2219,2299,3
2306,2308,3
2458,2459,3
2447,2467,3
2425,2443,3
2484,2497,3
2505,2541,3
2520,2538,3
2801,2840,3
2946,2960,3
401,1674,3
3119,3135,3
3168,3170,3
3125,3176,3
645,3180,3
615,3162,3
677,3186,3
1539,2682,3
740,3479,3
733,3475,3
3914,3933,3
4082,4098,3
4073,4081,3
4045,4058,3
4036,4081,3
4036,4038,3
603,2123,3
2105,3182,3
641,3172,3
641,2152,3
290,649,3
628,3188,3
205,2560,3
293,2531,3
444,2536,3
1053,2175,3
368,3122,3
4311,4347,3
4360,4375,3
4370,4397,3
4328,4347,3
335,367,3
440,490,3
441,493,3
528,536,3
578,585,3
612,666,3
722,769,3
713,718,3
742,754,3
735,783,3
741,742,3
839,868,3
833,839,3
812,841,3
847,891,3
802,897,3
1047,1066,3
1048,1085,3
1020,1071,3
1071,1085,3
1445,1486,3
1416,1446,3
508,518,3
717,725,3
711,736,3
832,837,3
385,772,3
354,793,3
752,1025,3
315,785,3
309,781,3
313,792,3
313,712,3
313,726,3
768,1051,3
308,778,3
392,781,3
366,727,3
360,799,3
360,705,3
376,795,3
355,774,3
763,1002,3
1539,1553,3
1859,1882,3
1960,1974,3
1925,1987,3
1910,1990,3
1921,1986,3
1901,1905,3
1901,1952,3
1912,1938,3
1912,1950,3
1962,1986,3
1904,1996,3
1959,1993,3
1930,1992,3
1927,1985,3
1920,1974,3
1928,1985,3
1906,1957,3
1950,1972,3
1944,1993,3
1934,1987,3
1926,1975,3
1972,1983,3
1923,1941,3
1994,1998,3
1913,1993,3
1903,1949,3
2102,2199,3
2167,2186,3
2174,2192,3
2149,2150,3
2156,2161,3
2232,2258,3
2276,2295,3
2262,2290,3
2228,2270,3
2211,2234,3
2211,2298,3
2204,2280,3
2218,2234,3
2260,2279,3
2308,2378,3
2454,2473,3
2514,2531,3
2528,2570,3
2610,2666,3
3164,3177,3
3101,3171,3
3101,3157,3
677,3123,3
1066,2667,3
1247,2655,3
364,3439,3
759,3477,3
4043,4093,3
4005,4021,3
4008,4058,3
4008,4049,3
4010,4013,3
1300,3123,3
1693,2600,3
281,364,3
2199,3477,3
740,2153,3
1053,3151,3
716,2178,3
247,1001,3
292,3413,3
3188,3413,3
4325,4363,3
4335,4356,3
4302,4393,3
4307,4345,3
4319,4400,3
4319,4370,3
4342,4400,3
4334,4372,3
201,219,3
212,280,3
234,242,3
303,371,3
383,387,3
320,372,3
580,585,3
515,563,3
522,588,3
667,691,3
672,689,3
714,769,3
715,770,3
775,782,3
872,895,3
811,868,3
804,822,3
802,884,3
868,874,3
832,847,3
859,894,3
1019,1085,3
1006,1008,3
1006,1022,3
1218,1237,3
1239,1279,3
1303,1376,3
320,393,3
702,783,3
382,772,3
734,1026,3
364,707,3
785,1026,3
778,1031,3
309,743,3
381,793,3
705,1051,3
731,1056,3
704,1051,3
376,746,3
763,1021,3
707,1031,3
1961,1963,3
1958,1976,3
1929,1958,3
1952,1959,3
1924,1988,3
1928,1986,3
1916,1923,3
1906,1961,3
1950,1970,3
1950,1967,3
1950,1977,3
1969,1989,3
1944,1998,3
1915,1958,3
1918,1934,3
1926,1980,3
1917,1963,3
1923,1957,3
1913,1919,3
1908,1998,3
1902,1959,3
2001,2062,3
2180,2200,3
2172,2180,3
2146,2153,3
2139,2200,3
2227,2230,3
2261,2273,3
2211,2251,3
2208,2261,3
2236,2296,3
2215,2286,3
2215,2237,3
2206,2268,3
2238,2289,3
2205,2219,3
2267,2273,3
2207,2288,3
2272,2291,3
2405,2410,3
2430,2458,3
2503,2545,3
2946,2962,3
3075,3076,3
3153,3161,3
3132,3162,3
210,611,3
210,670,3
660,3141,3
605,3192,3
613,3116,3
271,660,3
248,605,3
215,698,3
1269,2699,3
1569,2655,3
1506,2699,3
1506,2674,3
733,3436,3
771,3491,3
3906,3966,3
4043,4089,3
4006,4028,3
4021,4068,3
255,1300,3
1662,2803,3
244,716,3
289,3491,3
760,2183,3
3167,3440,3
3151,3477,3
368,2175,3
4368,4378,3
4342,4358,3
346,365,3
337,387,3
307,335,3
405,438,3
443,451,3
544,556,3
507,556,3
525,550,3
578,586,3
765,788,3
782,784,3
720,754,3
748,787,3
741,796,3
756,779,3
754,790,3
878,888,3
827,868,3
822,878,3
811,874,3
811,872,3
849,889,3
937,999,3
1032,1033,3
1050,1090,3
1039,1080,3
1086,1097,3
1225,1277,3
1440,1459,3
204,227,3
622,692,3
710,745,3
837,878,3
1015,1097,3
354,719,3
703,1095,3
341,747,3
364,734,3
785,1007,3
309,737,3
309,724,3
313,703,3
758,1051,3
761,1072,3
400,1211,3
340,1008,3
1538,1594,3
1563,1566,3
1942,1963,3
1910,1969,3
1921,1946,3
1958,1993,3
1914,1992,3
1973,1975,3
1970,1986,3
1954,1985,3
1930,1935,3
1930,1981,3
1978,1988,3
1922,1964,3
1909,1952,3
1905,1966,3
1937,2000,3
1937,1974,3
1937,1962,3
1928,1936,3
1946,1976,3
1953,1996,3
1971,1975,3
1918,2000,3
1918,1986,3
1939,1967,3
1917,1921,3
1932,1948,3
1903,1910,3
1908,1912,3
2143,2166,3
2103,2171,3
2127,2170,3
2253,2265,3
2248,2275,3
2250,2257,3
2247,2300,3
2233,2299,3
2217,2251,3
2211,2283,3
2208,2284,3
2221,2262,3
2206,2254,3
2225,2260,3
2213,2265,3
2203,2227,3
2281,2291,3
2243,2259,3
2274,2298,3
2303,2335,3
2406,2413,3
2458,2500,3
2441,2496,3
2528,2560,3
2603,2666,3
2726,2794,3
3071,3076,3
461,1662,3
3127,3186,3
3141,3178,3
1542,2681,3
733,3479,3
3940,3978,3
4015,4026,3
679,1095,3
1053,2197,3
716,3193,3
716,2197,3
272,3402,3
295,3413,3
1095,3193,3
368,3193,3
2153,3471,3
4304,4327,3
4347,4397,3
4338,4370,3
4383,4393,3
4342,4369,3
28,95,3
229,299,3
204,254,3
254,266,3
346,347,3
351,358,3
312,361,3
542,592,3
563,585,3
510,588,3
627,681,3
621,666,3
715,782,3
720,780,3
722,723,3
702,708,3
741,779,3
769,775,3
839,848,3
848,879,3
848,878,3
850,891,3
850,879,3
841,891,3
841,870,3
819,841,3
822,888,3
812,827,3
851,888,3
965,970,3
1039,1052,3
1250,1286,3
702,800,3
802,819,3
823,839,3
1005,1264,3
368,774,3
752,1002,3
778,1007,3
793,1045,3
309,763,3
759,1026,3
768,1002,3
395,721,3
308,759,3
366,707,3
376,781,3
305,726,3
1538,1587,3
1977,1979,3
1979,1998,3
1925,1951,3
1925,1966,3
1958,1989,3
1966,1973,3
1970,1977,3
1929,1957,3
1959,1997,3
1959,1974,3
1952,1994,3
1955,1983,3
1985,1988,3
1920,1990,3
1928,1974,3
1906,1989,3
1931,1954,3
1969,1972,3
1946,1962,3
1940,1963,3
1940,1959,3
1938,1985,3
1957,1968,3
1911,1980,3
1926,1970,3
1933,1981,3
1943,1999,3
1913,1979,3
2101,2157,3
2191,2197,3
2103,2133,3
2117,2143,3
2161,2172,3
2253,2257,3
2250,2294,3
2220,2229,3
2233,2253,3
2208,2222,3
2283,2298,3
2239,2276,3
2222,2279,3
2213,2233,3
2205,2234,3
2205,2253,3
2325,2378,3
2436,2438,3
2429,2500,3
2430,2454,3
2467,2500,3
2624,2698,3
3015,3059,3
3059,3078,3
398,416,3
3119,3153,3
3119,3176,3
232,650,3
660,3152,3
275,3199,3
299,3112,3
248,615,3
771,3421,3
763,3463,3
4094,4096,3
4023,4043,3
4008,4094,3
4027,4074,3
4056,4081,3
649,2199,3
451,2534,3
299,2521,3
684,1300,3
682,1639,3
1637,2505,3
724,3159,3
679,3461,3
218,3413,3
609,3413,3
760,2152,3
746,3122,3
295,3475,3
292,3490,3
3151,3471,3
690,746,3
4325,4342,3
4304,4369,3
4368,4370,3
4308,4365,3
4372,4381,3
135,187,3
126,141,3
216,284,3
209,239,3
227,283,3
365,383,3
347,372,3
339,365,3
322,340,3
312,367,3
414,459,3
522,585,3
627,670,3
738,757,3
715,769,3
745,748,3
723,783,3
780,784,3
736,742,3
748,780,3
741,794,3
725,757,3
728,742,3
728,745,3
756,775,3
827,843,3
843,879,3
847,876,3
802,862,3
888,894,3
832,841,3
1080,1085,3
1080,1097,3
1468,1488,3
223,242,3
212,229,3
215,231,3
838,848,3
378,719,3
703,1021,3
308,749,3
716,1072,3
733,1007,3
330,701,3
749,1038,3
737,1044,3
772,1044,3
1539,1544,3
1961,1974,3
1907,1998,3
1901,1917,3
1973,1985,3
1930,1967,3
1924,1934,3
1985,1986,3
1922,1992,3
1931,1986,3
1931,1999,3
1963,1985,3
1919,1992,3
1953,1987,3
1945,1979,3
1918,1958,3
1918,1983,3
1972,2000,3
1917,1934,3
1913,1928,3
1932,1999,3
2171,2192,3
2123,2191,3
2108,2157,3
2253,2275,3
2220,2270,3
2270,2285,3
2262,2296,3
2202,2240,3
2211,2233,3
2226,2264,3
2288,2297,3
2222,2282,3
2205,2210,3
2207,2225,3
2207,2276,3
2405,2484,3
2406,2425,3
2459,2469,3
2460,2467,3
2410,2462,3
2947,2955,3
3112,3149,3
3132,3146,3
274,3132,3
610,3186,3
624,3162,3
211,670,3
1269,1544,3
1503,2681,3
369,2699,3
739,3438,3
771,3463,3
366,3479,3
374,3483,3
3908,3924,3
3931,3955,3
4026,4038,3
4014,4049,3
4058,4064,3
673,3122,3
218,696,3
655,3174,3
221,602,3
221,3154,3
1300,2600,3
606,2573,3
701,2153,3
746,3195,3
3188,3414,3
4360,4397,3
4304,4393,3
4314,4390,3
4314,4350,3
4319,4350,3
216,228,3
326,339,3
340,359,3
371,373,3
414,461,3
556,574,3
638,688,3
732,776,3
736,782,3
769,798,3
728,770,3
844,881,3
827,878,3
867,899,3
822,849,3
806,852,3
804,827,3
845,891,3
845,876,3
849,874,3
934,969,3
1050,1099,3
1034,1062,3
1206,1250,3
1285,1299,3
1215,1218,3
1424,1491,3
1459,1491,3
223,227,3
710,723,3
354,778,3
734,1038,3
309,734,3
381,762,3
712,1021,3
750,1023,3
716,1026,3
366,750,3
330,766,3
792,1026,3
369,1042,3
1504,1506,3
1558,1590,3
1501,1562,3
1635,1696,3
1977,1985,3
1921,1941,3
1958,1975,3
1954,2000,3
1959,1984,3
1956,1999,3
1905,1971,3
1938,1978,3
1989,1998,3
1915,1979,3
1926,1950,3
1913,1918,3
1932,1936,3
1908,1983,3
1975,1998,3
1902,1961,3
2117,2138,3
2237,2285,3
2201,2229,3
2223,2264,3
2214,2248,3
2214,2257,3
2204,2292,3
2252,2286,3
2258,2269,3
2215,2278,3
2215,2248,3
2239,2287,3
2238,2257,3
2219,2277,3
2404,2410,3
2412,2438,3
2584,2600,3
2515,2531,3
2668,2699,3
2711,2731,3
3075,3087,3
3071,3089,3
3141,3180,3
3112,3158,3
3142,3161,3
275,646,3
1066,2681,3
1269,1587,3
1503,2674,3
755,3451,3
364,3411,3
366,3436,3
3908,3913,3
4081,4098,3
4010,4012,3
602,3134,3
679,3134,3
641,2105,3
290,3188,3
2106,3182,3
205,2545,3
1693,2586,3
431,2877,3
751,2175,3
3151,3405,3
4311,4397,3
4347,4348,3
4328,4363,3
4334,4383,3
117,177,3
243,296,3
317,318,3
301,304,3
680,692,3
613,680,3
639,664,3
672,685,3
663,697,3
648,667,3
744,777,3
723,757,3
713,754,3
777,788,3
735,784,3
754,767,3
839,845,3
806,889,3
851,878,3
926,965,3
1054,1060,3
1216,1263,3
810,884,3
313,747,3
795,1013,3
774,1057,3
737,1043,3
355,786,3
1581,1595,3
1553,1594,3
1637,1646,3
1907,1913,3
1925,1931,3
1925,1928,3
1921,1982,3
1912,1927,3
1970,1983,3
1954,1993,3
1952,1963,3
1952,1987,3
1930,1944,3
1930,1954,3
1986,1989,3
1927,1971,3
1985,2000,3
1905,1996,3
1906,1970,3
1931,1948,3
1931,1994,3
1946,1979,3
1940,1941,3
1940,1998,3
1945,1987,3
1911,1989,3
1941,1944,3
1926,1983,3
1933,1984,3
1939,1959,3
1943,1970,3
1943,1977,3
1903,1998,3
2101,2192,3
2102,2147,3
2153,2191,3
2151,2193,3
2149,2198,3
2147,2193,3
2224,2269,3
2214,2234,3
2270,2299,3
2251,2259,3
2233,2285,3
2228,2292,3
2204,2237,3
2215,2270,3
2239,2261,3
2222,2235,3
2205,2237,3
2244,2275,3
2229,2231,3
2246,2292,3
2417,2485,3
2405,2412,3
2447,2478,3
2425,2429,3
2429,2459,3
2404,2441,3
2498,2500,3
2430,2441,3
2547,2568,3
3128,3168,3
3157,3158,3
3132,3145,3
232,3132,3
210,3137,3
210,3112,3
657,3120,3
299,3132,3
605,3109,3
688,3180,3
677,3157,3
276,3109,3
625,3171,3
1581,2655,3
1544,2674,3
366,3421,3
4036,4100,3
696,3167,3
490,2560,3
2600,3104,3
609,3405,3
746,2199,3
247,760,3
368,3159,3
4317,4327,3
4358,4370,3
4308,4366,3
4312,4363,3
4342,4360,3
4334,4368,3
264,294,3
365,373,3
306,389,3
383,384,3
429,444,3
660,688,3
632,666,3
645,688,3
742,767,3
839,897,3
852,874,3
917,934,3
916,947,3
1011,1071,3
1047,1063,3
1078,1092,3
1206,1270,3
1227,1269,3
1303,1368,3
1355,1356,3
204,294,3
403,430,3
708,783,3
718,776,3
1215,1288,3
1005,1268,3
391,1263,3
378,734,3
747,1031,3
721,1045,3
315,733,3
793,1038,3
746,1072,3
716,1044,3
761,1073,3
376,797,3
376,785,3
1587,1595,3
1525,1590,3
1602,1607,3
1874,1882,3
1960,1969,3
1907,1922,3
1942,1948,3
1925,1974,3
1925,1992,3
1901,1968,3
1901,1951,3
1964,1982,3
1966,1972,3
1988,1991,3
1904,1988,3
1924,1961,3
1951,1966,3
1906,1932,3
1931,1956,3
1919,1945,3
1944,1982,3
1976,1992,3
1934,1965,3
1926,1943,3
1926,1981,3
1972,1975,3
1923,1985,3
1943,1963,3
1913,1972,3
1913,1960,3
1903,1979,3
2171,2176,3
2102,2125,3
2139,2157,3
2132,2199,3
2227,2234,3
2227,2265,3
2210,2231,3
2201,2245,3
2220,2252,3
2231,2265,3
2217,2250,3
2211,2269,3
2242,2277,3
2204,2251,3
2252,2274,3
2218,2227,3
2215,2216,3
2212,2291,3
2212,2223,3
2203,2298,3
2241,2291,3
2259,2289,3
2219,2252,3
2437,2497,3
2406,2430,3
2458,2462,3
2458,2478,3
2441,2469,3
2441,2454,3
2427,2451,3
2663,2699,3
2648,2685,3
2628,2644,3
3024,3087,3
3065,3087,3
3170,3189,3
205,688,3
205,658,3
665,3152,3
1269,1598,3
1247,1587,3
733,3438,3
759,3471,3
366,3451,3
3906,3955,3
3931,3941,3
4006,4093,3
4006,4100,3
4021,4028,3
289,3174,3
292,696,3
2105,3198,3
1300,2531,3
248,2576,3
293,2545,3
2531,3180,3
255,2568,3
603,701,3
3122,3471,3
679,3491,3
263,3402,3
364,2197,3
763,3193,3
4316,4324,3
4318,4361,3
4368,4397,3
4308,4319,3
4375,4397,3
4334,4335,3
227,234,3
348,375,3
518,597,3
604,645,3
621,652,3
618,663,3
610,695,3
677,681,3
662,689,3
745,787,3
744,745,3
717,756,3
754,757,3
848,891,3
827,891,3
841,845,3
812,831,3
870,879,3
1039,1098,3
1259,1263,3
1352,1368,3
1409,1446,3
223,226,3
320,390,3
837,874,3
1020,1097,3
382,761,3
747,1026,3
315,758,3
786,1002,3
731,1026,3
774,1001,3
730,1044,3
1570,1590,3
1655,1656,3
1677,1682,3
1910,1979,3
1912,1973,3
1973,1987,3
1929,1944,3
1930,1998,3
1956,1974,3
1956,1981,3
1927,1933,3
1905,1936,3
1905,1990,3
1937,1972,3
1937,1984,3
1935,1969,3
1916,1978,3
1906,1959,3
1944,1961,3
1938,1983,3
1976,1997,3
1915,1988,3
1917,1918,3
1902,1994,3
2101,2194,3
2166,2177,3
2284,2291,3
2276,2297,3
2247,2287,3
2202,2217,3
2231,2292,3
2231,2233,3
2292,2298,3
2225,2284,3
2238,2277,3
2203,2256,3
2203,2292,3
2281,2293,3
2216,2229,3
2458,2498,3
2429,2441,3
2567,2571,3
2510,2515,3
2528,2563,3
3011,3087,3
3005,3093,3
3046,3077,3
3113,3119,3
243,3178,3
255,3109,3
682,3152,3
611,3169,3
688,3123,3
665,3120,3
1212,1539,3
3904,3924,3
3901,3908,3
3916,3966,3
4005,4068,3
4027,4064,3
4064,4081,3
4064,4073,3
2152,3172,3
247,628,3
281,649,3
649,3155,3
248,2531,3
471,1682,3
3198,3413,3
751,3114,3
3193,3402,3
247,3410,3
263,3413,3
763,3159,3
4317,4343,3
4325,4374,3
4334,4374,3
223,274,3
348,367,3
542,570,3
574,584,3
606,665,3
657,680,3
618,648,3
611,682,3
625,658,3
738,756,3
722,790,3
742,787,3
753,783,3
775,788,3
805,838,3
850,851,3
841,899,3
812,891,3
806,879,3
862,895,3
802,865,3
974,986,3
1071,1080,3
1250,1285,3
1215,1257,3
1276,1287,3
1203,1255,3
316,390,3
811,894,3
1039,1048,3
734,1002,3
719,1026,3
716,1002,3
305,768,3
764,1073,3
1014,1271,3
1537,1589,3
1907,1919,3
1910,1938,3
1910,1947,3
1921,1980,3
1929,1991,3
1904,1913,3
1904,1935,3
1959,1969,3
1930,1934,3
1955,2000,3
1922,1968,3
1909,1938,3
1905,1924,3
1905,1912,3
1937,1999,3
1906,1937,3
1946,1975,3
1918,1964,3
1926,1985,3
1926,1973,3
1932,1985,3
1908,1932,3
1902,1905,3
1948,1978,3
2139,2174,3
2127,2192,3
2156,2170,3
2240,2275,3
2247,2284,3
2255,2284,3
2211,2248,3
2215,2285,3
2222,2268,3
2205,2252,3
2268,2272,3
2259,2285,3
2216,2219,3
2216,2240,3
2303,2328,3
2460,2500,3
2413,2452,3
2545,2554,3
2522,2554,3
3078,3087,3
3076,3078,3
3071,3093,3
3158,3165,3
3161,3183,3
3165,3184,3
3142,3183,3
266,3117,3
232,3178,3
205,3186,3
613,3141,3
680,3123,3
293,615,3
1066,1542,3
1503,2608,3
1223,1598,3
755,3490,3
374,3439,3
374,3438,3
4023,4041,3
4026,4064,3
4004,4081,3
4015,4081,3
4012,4016,3
4058,4100,3
1300,2568,3
606,1645,3
276,2527,3
255,2600,3
391,2877,3
2178,3405,3
221,760,3
701,3182,3
751,3198,3
760,3122,3
4311,4314,3
4304,4308,3
4304,4386,3
4304,4378,3
4313,4383,3
4365,4368,3
39,98,3
242,294,3
201,268,3
232,271,3
361,384,3
357,393,3
438,456,3
510,580,3
658,693,3
645,695,3
714,753,3
738,777,3
715,767,3
753,789,3
753,777,3
844,884,3
841,879,3
819,891,3
884,888,3
845,870,3
823,876,3
832,868,3
991,999,3
902,965,3
1067,1094,3
1030,1067,3
1206,1278,3
1285,1286,3
1215,1277,3
1239,1259,3
1303,1388,3
1445,1472,3
230,232,3
211,231,3
615,627,3
713,782,3
711,790,3
718,800,3
811,897,3
804,897,3
837,867,3
378,724,3
724,1072,3
315,740,3
392,793,3
330,716,3
305,701,3
792,1045,3
400,1234,3
1949,1973,3
1967,1999,3
1901,1927,3
1912,1954,3
1904,1971,3
1930,2000,3
1930,1983,3
1951,1994,3
1905,1965,3
1916,1957,3
1950,1984,3
1950,1976,3
1963,1994,3
1944,1991,3
1938,1947,3
1915,1993,3
1911,1933,3
1936,1975,3
1933,1950,3
1913,1975,3
1913,1951,3
1908,1920,3
1902,1922,3
1902,1907,3
2180,2184,3
2113,2150,3
2128,2151,3
2192,2196,3
2232,2238,3
2209,2256,3
2255,2262,3
2208,2235,3
2204,2285,3
2291,2297,3
2269,2280,3
2238,2250,3
2241,2284,3
2219,2237,3
2219,2240,3
2216,2231,3
2459,2497,3
2492,2497,3
2462,2500,3
2425,2467,3
2425,2452,3
2546,2563,3
2731,2770,3
2803,2897,3
3101,3127,3
3127,3149,3
3119,3177,3
3173,3199,3
622,3169,3
333,1542,3
1561,2681,3
733,3483,3
3916,3955,3
3913,3966,3
4005,4043,3
4006,4015,3
4049,4096,3
4021,4026,3
4014,4033,3
295,3155,3
1299,2391,3
3122,3491,3
246,3440,3
272,1023,3
247,1053,3
690,1095,3
690,724,3
4378,4383,3
4358,4390,3
4334,4348,3
256,276,3
550,580,3
563,584,3
536,578,3
556,575,3
510,554,3
510,592,3
507,580,3
607,670,3
714,745,3
765,784,3
732,741,3
732,757,3
775,796,3
775,800,3
805,888,3
805,878,3
850,894,3
850,862,3
827,879,3
827,845,3
841,844,3
831,837,3
822,868,3
804,844,3
881,889,3
802,899,3
927,968,3
927,974,3
927,991,3
902,947,3
1212,1276,3
204,276,3
211,229,3
802,823,3
1212,1227,3
354,749,3
721,1056,3
368,793,3
729,1053,3
785,1051,3
743,1029,3
762,1007,3
739,1021,3
781,1002,3
330,730,3
317,1022,3
1558,1585,3
1558,1563,3
1532,1595,3
1539,1542,3
1525,1562,3
1503,1538,3
1907,1943,3
1907,1946,3
1925,1984,3
1925,1938,3
1921,1948,3
1901,1920,3
1904,1980,3
1986,1996,3
1924,1976,3
1924,1963,3
1924,1929,3
1955,1974,3
1927,1965,3
1909,1930,3
1905,1932,3
1928,1955,3
1906,1967,3
1950,1957,3
1953,1982,3
1938,1999,3
1939,1946,3
1923,1951,3
1903,1927,3
1902,2000,3
1902,1998,3
2101,2138,3
2186,2191,3
2151,2199,3
2128,2159,3
2149,2171,3
2106,2121,3
2156,2172,3
2263,2300,3
2228,2231,3
2208,2272,3
2208,2247,3
2212,2267,3
2213,2280,3
2207,2226,3
2219,2229,3
2219,2224,3
2272,2296,3
2216,2242,3
2425,2484,3
2503,2563,3
2624,2650,3
2833,2840,3
3136,3183,3
3113,3183,3
638,3120,3
264,660,3
231,3171,3
1506,2608,3
740,3439,3
366,3471,3
4046,4079,3
4023,4038,3
4005,4049,3
4004,4096,3
4089,4093,3
4014,4094,3
289,655,3
281,3410,3
1023,2199,3
247,3444,3
295,1001,3
690,760,3
4360,4400,3
4347,4378,3
4343,4348,3
226,271,3
254,275,3
303,346,3
346,361,3
429,441,3
584,597,3
663,694,3
648,689,3
631,672,3
738,745,3
787,796,3
784,796,3
748,777,3
735,794,3
753,779,3
874,884,3
850,895,3
827,838,3
801,819,3
847,872,3
926,947,3
1011,1090,3
1003,1011,3
1270,1277,3
1356,1393,3
742,798,3
711,728,3
838,899,3
382,719,3
378,766,3
729,1095,3
703,1057,3
341,792,3
793,1013,3
773,1001,3
309,758,3
712,1044,3
795,1025,3
360,721,3
330,726,3
305,793,3
749,1053,3
1063,1287,3
1907,1984,3
1910,1982,3
1901,1985,3
1964,1991,3
1904,1923,3
1924,1953,3
1922,1947,3
1928,1929,3
1931,1978,3
1963,1987,3
1944,1995,3
1915,1936,3
1918,1946,3
1913,1933,3
1903,1931,3
1908,1923,3
1908,1916,3
1948,1980,3
2038,2075,3
2112,2199,3
2149,2174,3
2257,2285,3
2230,2275,3
2233,2256,3
2211,2265,3
2236,2281,3
2226,2262,3
2285,2299,3
2215,2220,3
2417,2478,3
2534,2600,3
2510,2551,3
2604,2685,3
2610,2612,3
211,622,3
692,3149,3
215,688,3
229,665,3
625,3120,3
1066,2655,3
1544,2699,3
374,3446,3
3906,3989,3
4023,4089,3
4045,4098,3
4015,4100,3
4057,4063,3
2197,3174,3
628,2123,3
443,2586,3
1300,3180,3
293,2539,3
293,2510,3
274,2563,3
289,716,3
679,3444,3
751,3122,3
609,3444,3
272,3436,3
263,716,3
690,751,3
4360,4363,3
4316,4362,3
4338,4372,3
4338,4363,3
4328,4374,3
4375,4378,3
172,195,3
242,243,3
242,255,3
210,283,3
267,268,3
336,369,3
361,371,3
312,365,3
646,657,3
720,796,3
770,790,3
748,800,3
748,775,3
748,788,3
839,859,3
819,868,3
822,899,3
822,839,3
811,819,3
845,851,3
1020,1088,3
1030,1060,3
1259,1273,3
1227,1230,3
1216,1259,3
1235,1285,3
223,229,3
210,230,3
307,375,3
710,757,3
823,827,3
385,755,3
734,1001,3
755,1073,3
395,707,3
330,749,3
334,719,3
334,734,3
799,1002,3
1014,1212,3
1507,1576,3
1569,1595,3
1587,1589,3
1562,1566,3
1506,1595,3
1961,1968,3
1910,1925,3
1901,1934,3
1904,1961,3
1955,1956,3
1927,1931,3
1951,1979,3
1920,1922,3
1920,1998,3
1937,1940,3
1947,1982,3
1919,2000,3
1919,1946,3
1944,1978,3
1944,1962,3
1938,1973,3
1915,1967,3
1918,1984,3
1965,1976,3
1903,1913,3
2102,2128,3
2167,2183,3
2167,2193,3
2133,2164,3
2117,2164,3
2161,2184,3
2156,2184,3
2170,2176,3
2237,2275,3
2248,2289,3
2262,2282,3
2230,2246,3
2202,2298,3
2228,2234,3
2255,2272,3
2217,2292,3
2226,2288,3
2215,2256,3
2222,2239,3
2241,2260,3
2245,2250,3
2219,2270,3
2458,2460,3
2429,2447,3
2467,2484,3
2527,2528,3
2803,2862,3
2813,2862,3
3075,3078,3
3049,3077,3
3071,3087,3
430,1635,3
3171,3192,3
615,3169,3
204,3171,3
275,3186,3
740,3446,3
3940,3989,3
4005,4064,3
4033,4074,3
289,2105,3
2123,3193,3
690,3155,3
246,655,3
263,3134,3
641,2199,3
290,2106,3
290,2105,3
299,2531,3
606,2560,3
610,2510,3
212,2584,3
3198,3491,3
4350,4363,3
4327,4369,3
234,248,3
356,361,3
373,383,3
301,369,3
518,568,3
604,657,3
665,693,3
738,783,3
722,775,3
723,790,3
723,784,3
748,783,3
735,788,3
753,798,3
767,784,3
844,894,3
806,839,3
944,970,3
1054,1094,3
1217,1277,3
1459,1499,3
811,895,3
837,862,3
838,850,3
838,872,3
1005,1289,3
378,747,3
341,799,3
315,762,3
762,1035,3
750,1007,3
740,1044,3
751,1007,3
761,1021,3
334,749,3
764,1051,3
333,1236,3
340,1221,3
1581,1594,3
1509,1589,3
1960,1984,3
1967,1969,3
1901,1976,3
1929,1987,3
1904,1956,3
1954,1989,3
1954,1971,3
1952,1964,3
1930,1936,3
1905,1948,3
1937,1954,3
1935,1950,3
1916,1995,3
1931,1988,3
1946,1991,3
1944,1972,3
1940,1988,3
2103,2180,3
2177,2192,3
2271,2272,3
2232,2240,3
2261,2287,3
2220,2243,3
2211,2214,3
2208,2297,3
2236,2255,3
2287,2300,3
2234,2278,3
2244,2292,3
2244,2289,3
2260,2291,3
2326,2334,3
2406,2443,3
2410,2469,3
2427,2452,3
2438,2496,3
2573,2595,3
2534,2539,3
2527,2531,3
2546,2586,3
2840,2877,3
3019,3078,3
3005,3087,3
684,3109,3
294,606,3
698,3104,3
677,3137,3
665,3184,3
733,3463,3
739,3405,3
374,3451,3
4005,4023,3
4005,4041,3
4006,4098,3
272,2123,3
2123,3114,3
2152,3155,3
655,3122,3
682,2505,3
218,3477,3
3167,3405,3
295,763,3
364,3151,3
2153,3491,3
4311,4363,3
4325,4372,3
4325,4358,3
4363,4386,3
4319,4397,3
210,254,3
256,274,3
346,373,3
361,393,3
544,585,3
521,536,3
620,691,3
738,741,3
783,796,3
783,798,3
741,757,3
708,745,3
844,876,3
819,852,3
812,899,3
884,894,3
847,894,3
851,879,3
968,970,3
1011,1085,3
1020,1052,3
1232,1248,3
1215,1250,3
1237,1279,3
1263,1270,3
612,618,3
622,693,3
717,722,3
708,788,3
718,796,3
806,822,3
837,850,3
719,1038,3
315,773,3
315,743,3
766,1038,3
324,707,3
764,1044,3
1874,1879,3
1961,1999,3
1925,1927,3
1910,1968,3
1921,1990,3
1990,1994,3
1904,1976,3
1904,1920,3
1924,1982,3
1922,1963,3
1922,1981,3
1968,1990,3
1935,1992,3
1928,1989,3
1928,1938,3
1916,1971,3
1946,1994,3
1915,1987,3
1918,1974,3
1918,1977,3
1911,1986,3
1941,1964,3
1917,1924,3
1913,1953,3
1913,1935,3
1903,1955,3
1908,1936,3
2172,2194,3
2102,2175,3
2151,2183,3
2161,2170,3
2253,2283,3
2210,2298,3
2214,2229,3
2214,2215,3
2231,2258,3
2215,2258,3
2213,2237,3
2203,2237,3
2268,2290,3
2510,2595,3
2515,2547,3
2654,2679,3
2801,2870,3
3011,3015,3
3118,3119,3
3127,3178,3
3125,3177,3
204,3145,3
204,660,3
622,3199,3
1014,1503,3
1223,2655,3
724,3439,3
1001,3439,3
716,3439,3
3978,3989,3
4026,4082,3
4045,4073,3
4015,4045,3
4008,4043,3
4056,4064,3
4036,4039,3
603,3154,3
451,2551,3
1300,3104,3
398,2391,3
39,2887,3
281,701,3
246,1001,3
1001,3182,3
3114,3483,3
690,3461,3
4350,4393,3
4338,4348,3
4319,4355,3
4356,4383,3
4343,4366,3
4355,4390,3
4308,4342,3
52,98,3
187,195,3
130,187,3
371,384,3
312,347,3
515,570,3
536,586,3
554,595,3
556,580,3
613,677,3
639,689,3
625,646,3
784,800,3
741,800,3
741,787,3
805,837,3
805,813,3
850,874,3
867,897,3
831,862,3
812,878,3
917,991,3
902,974,3
1040,1068,3
1202,1254,3
1229,1287,3
1303,1356,3
1424,1445,3
1409,1499,3
310,322,3
710,788,3
1203,1300,3
382,729,3
385,752,3
703,1035,3
734,1051,3
726,1031,3
739,1044,3
751,1002,3
701,1051,3
749,1035,3
355,750,3
1637,1643,3
1949,1965,3
1990,1995,3
1966,1979,3
1904,1952,3
1959,1998,3
1909,1927,3
1905,1972,3
1937,1952,3
1935,1972,3
1935,1977,3
1931,1957,3
1931,1989,3
1947,1976,3
1953,1972,3
1971,1976,3
1940,1984,3
1938,1993,3
1918,1940,3
1911,1937,3
1934,1944,3
1933,1970,3
1917,1970,3
1903,1962,3
1903,1925,3
1908,1980,3
1908,1961,3
2112,2123,3
2147,2152,3
2240,2285,3
2270,2298,3
2262,2284,3
2247,2273,3
2255,2267,3
2217,2224,3
2236,2262,3
2236,2261,3
2218,2245,3
2218,2298,3
2225,2272,3
2238,2242,3
2203,2277,3
2281,2287,3
2260,2262,3
2229,2299,3
2405,2464,3
2406,2467,3
2458,2464,3
2413,2496,3
2413,2454,3
2450,2458,3
2546,2576,3
2682,2697,3
2840,2870,3
2809,2897,3
416,1635,3
3107,3109,3
3186,3191,3
3117,3186,3
210,624,3
294,698,3
275,615,3
622,3132,3
680,3137,3
692,3171,3
212,3137,3
3913,3931,3
4094,4098,3
4021,4074,3
4093,4100,3
4014,4058,3
247,696,3
602,3174,3
2551,3192,3
684,2576,3
403,1682,3
289,3414,3
2199,3491,3
246,763,3
272,364,3
368,2152,3
4307,4396,3
4343,4347,3
4327,4368,3
4327,4370,3
216,220,3
232,256,3
231,254,3
303,356,3
318,343,3
351,379,3
343,359,3
349,400,3
435,476,3
528,575,3
515,580,3
525,544,3
732,753,3
728,775,3
728,782,3
708,757,3
718,741,3
831,888,3
801,852,3
813,839,3
902,986,3
1019,1098,3
1097,1099,3
1047,1092,3
1257,1278,3
1205,1268,3
1277,1278,3
1235,1240,3
1424,1499,3
1440,1468,3
230,234,3
378,759,3
354,743,3
341,771,3
341,768,3
328,758,3
726,1023,3
750,1073,3
795,1045,3
731,1045,3
392,743,3
761,1045,3
362,707,3
400,1008,3
1524,1594,3
1524,1538,3
1942,1979,3
1910,1923,3
1910,1978,3
1921,1972,3
1921,1985,3
1914,1945,3
1914,1944,3
1912,1939,3
1912,1928,3
1927,1943,3
1951,1987,3
1920,1980,3
1920,1958,3
1909,1959,3
1937,1981,3
1916,1918,3
1916,1990,3
1906,1918,3
1931,1953,3
1957,1998,3
1918,1956,3
1926,1932,3
1923,1995,3
1903,1944,3
1908,1924,3
1902,1996,3
1902,1967,3
2157,2171,3
2172,2200,3
2184,2200,3
2161,2198,3
2106,2118,3
2201,2265,3
2261,2291,3
2228,2242,3
2266,2295,3
2211,2230,3
2211,2280,3
2206,2260,3
2239,2264,3
2222,2255,3
2222,2276,3
2417,2447,3
2492,2500,3
2454,2492,3
2407,2412,3
2496,2498,3
2451,2485,3
2430,2497,3
2514,2568,3
2522,2525,3
2648,2679,3
430,1240,3
459,1625,3
3137,3191,3
3107,3162,3
3161,3189,3
659,3137,3
274,3117,3
205,3117,3
677,3180,3
1532,2682,3
1576,2608,3
733,3490,3
3904,3978,3
3934,3965,3
4006,4073,3
4027,4038,3
4039,4058,3
246,602,3
281,2106,3
290,603,3
290,3182,3
215,2563,3
1645,2539,3
471,682,3
609,760,3
295,1053,3
4324,4345,3
4319,4393,3
4355,4381,3
4313,4356,3
271,294,3
256,296,3
365,367,3
367,390,3
337,347,3
371,383,3
615,665,3
631,689,3
717,745,3
790,798,3
718,757,3
805,845,3
872,884,3
874,879,3
850,870,3
827,847,3
801,870,3
852,868,3
969,999,3
1019,1097,3
1041,1097,3
1049,1068,3
1237,1288,3
823,831,3
1018,1097,3
385,762,3
378,761,3
378,733,3
719,1095,3
791,1072,3
773,1044,3
706,1051,3
751,1026,3
1991,1993,3
1907,1911,3
1925,1972,3
1910,1994,3
1921,1967,3
1912,1932,3
1973,1988,3
1929,1933,3
1959,1992,3
1924,1932,3
1924,1984,3
1924,1970,3
1924,1995,3
1968,1984,3
1905,1985,3
1935,1968,3
1906,1912,3
1950,2000,3
1931,1932,3
1969,1997,3
1947,1996,3
1933,1947,3
1939,1991,3
1917,1975,3
1923,1958,3
1923,1983,3
1932,1941,3
1932,1949,3
1903,1914,3
1908,1951,3
2171,2194,3
2172,2176,3
2113,2139,3
2146,2151,3
2105,2125,3
2103,2174,3
2177,2194,3
2273,2288,3
2201,2209,3
2276,2291,3
2247,2254,3
2242,2265,3
2204,2243,3
2218,2229,3
2215,2244,3
2222,2261,3
2259,2275,3
2246,2253,3
2437,2496,3
2443,2500,3
2451,2497,3
2525,2567,3
2515,2522,3
2650,2666,3
2612,2629,3
2626,2629,3
3059,3075,3
3065,3071,3
3148,3161,3
3135,3170,3
3142,3153,3
274,677,3
274,3178,3
255,658,3
1269,1581,3
369,1542,3
1042,1532,3
740,3447,3
4033,4038,3
4021,4058,3
4089,4098,3
641,3174,3
490,610,3
275,2570,3
244,3490,3
281,3405,3
246,3461,3
609,1053,3
609,3421,3
760,2153,3
690,3491,3
4370,4383,3
4302,4381,3
4343,4386,3
223,254,3
226,273,3
254,274,3
349,359,3
335,337,3
316,365,3
402,451,3
521,528,3
537,586,3
537,585,3
557,585,3
627,684,3
621,663,3
694,697,3
638,680,3
738,775,3
776,779,3
780,787,3
748,782,3
741,782,3
718,767,3
831,859,3
822,850,3
870,876,3
843,847,3
889,894,3
804,811,3
851,889,3
832,865,3
1235,1250,3
1218,1279,3
1220,1272,3
1376,1393,3
1486,1488,3
1445,1488,3
813,822,3
802,805,3
838,865,3
1217,1218,3
385,730,3
759,1051,3
313,799,3
706,1038,3
781,1031,3
772,1073,3
1550,1596,3
1525,1563,3
1907,1990,3
1925,1993,3
1964,1996,3
1966,1970,3
1955,1972,3
1955,1976,3
1951,2000,3
1920,1943,3
1920,1977,3
1937,1945,3
1928,1990,3
1940,2000,3
1934,1991,3
1965,1999,3
1943,1974,3
1903,1932,3
1903,1972,3
1902,1924,3
2062,2075,3
2062,2072,3
2143,2150,3
2117,2127,3
2127,2180,3
2253,2270,3
2210,2229,3
2210,2256,3
2210,2230,3
2224,2252,3
2233,2242,3
2266,2268,3
2255,2260,3
2204,2275,3
2239,2296,3
2288,2291,3
2212,2239,3
2234,2243,3
2205,2231,3
2207,2295,3
2417,2462,3
2437,2459,3
2405,2406,3
2404,2458,3
2809,2813,3
3021,3089,3
3063,3071,3
3127,3191,3
3104,3175,3
3178,3191,3
274,3137,3
646,3157,3
294,605,3
293,3137,3
293,659,3
215,658,3
264,692,3
1247,1561,3
1023,3476,3
3901,3933,3
602,3172,3
244,3461,3
281,3444,3
289,740,3
1001,2197,3
2186,3413,3
292,3421,3
4347,4369,3
4328,4397,3
4324,4329,3
4374,4381,3
4365,4369,3
229,280,3
216,261,3
339,347,3
550,597,3
627,692,3
646,660,3
645,682,3
622,665,3
738,779,3
839,865,3
812,822,3
811,847,3
806,894,3
810,862,3
832,870,3
859,897,3
960,970,3
1041,1086,3
1041,1071,3
1017,1034,3
1245,1259,3
1239,1263,3
223,243,3
804,881,3
837,865,3
968,999,3
1015,1088,3
1416,1488,3
734,1073,3
341,746,3
392,719,3
360,773,3
376,743,3
330,740,3
1532,1538,3
1646,1682,3
1960,1999,3
1966,1971,3
1962,1993,3
1954,1967,3
1959,1965,3
1952,1954,3
1952,1981,3
1927,1959,3
1985,1994,3
1905,1979,3
1935,1990,3
1928,1951,3
1950,1968,3
1946,1978,3
1919,1938,3
1940,1983,3
1945,1966,3
1957,1996,3
1957,1990,3
1957,1967,3
1941,1972,3
1975,1982,3
1902,1906,3
2101,2113,3
2132,2191,3
2210,2250,3
2237,2278,3
2201,2203,3
2228,2246,3
2236,2268,3
2236,2287,3
2242,2278,3
2215,2289,3
2287,2295,3
2222,2288,3
2212,2282,3
2267,2279,3
2235,2279,3
2268,2296,3
2281,2295,3
2241,2296,3
2437,2473,3
2437,2443,3
2405,2429,3
2413,2441,3
2443,2451,3
2429,2452,3
2464,2492,3
2451,2467,3
2412,2451,3
2412,2425,3
2412,2458,3
2561,2594,3
2510,2514,3
2624,2689,3
2868,2870,3
2962,2964,3
3065,3096,3
3175,3180,3
3110,3197,3
3136,3164,3
3135,3136,3
299,3186,3
605,3123,3
613,3171,3
688,3199,3
264,3120,3
1269,2655,3
4057,4059,3
603,2105,3
2105,3122,3
218,2105,3
286,3174,3
655,3195,3
655,2105,3
696,3195,3
606,2600,3
293,2576,3
244,772,3
3195,3414,3
218,3440,3
3193,3471,3
3188,3444,3
4313,4334,3
4313,4350,3
232,269,3
254,256,3
208,276,3
234,264,3
444,456,3
403,432,3
544,554,3
557,574,3
685,694,3
714,767,3
720,728,3
787,794,3
744,775,3
713,725,3
713,765,3
796,798,3
839,888,3
833,837,3
874,897,3
819,843,3
895,897,3
843,844,3
1032,1048,3
1032,1041,3
1011,1099,3
1211,1224,3
1245,1299,3
1202,1238,3
1333,1393,3
378,792,3
709,1045,3
364,778,3
793,1073,3
381,719,3
328,778,3
313,797,3
705,1043,3
755,1044,3
797,1045,3
758,1002,3
768,1007,3
366,719,3
324,750,3
733,1051,3
305,704,3
764,1021,3
317,1234,3
1589,1598,3
1589,1594,3
1979,1983,3
1925,1964,3
1910,1967,3
1914,1932,3
1962,2000,3
1929,1973,3
1959,1979,3
1922,1931,3
1922,1956,3
1951,1973,3
1920,1946,3
1905,1952,3
1947,1966,3
1940,1981,3
1945,1999,3
1976,2000,3
1915,1916,3
1957,1978,3
1936,1960,3
1939,1998,3
1923,1978,3
1943,1980,3
1903,1943,3
1903,1941,3
1908,1992,3
1908,1999,3
1902,1975,3
1902,1966,3
2101,2170,3
2157,2195,3
2108,2174,3
2121,2178,3
2227,2289,3
2227,2280,3
2224,2265,3
2250,2283,3
2215,2242,3
2215,2232,3
2234,2294,3
2205,2232,3
2272,2297,3
2454,2497,3
2404,2478,3
2412,2427,3
2510,2575,3
2565,2600,3
2525,2595,3
2654,2685,3
2612,2650,3
3049,3075,3
3169,3184,3
3123,3158,3
3125,3135,3
3161,3176,3
294,650,3
299,646,3
605,3104,3
681,3192,3
1576,2681,3
733,3461,3
771,3476,3
374,3447,3
3940,3955,3
4008,4039,3
4056,4094,3
4014,4056,3
4016,4046,3
4036,4074,3
247,3134,3
655,2106,3
611,2551,3
2539,3180,3
293,2521,3
603,1095,3
364,2152,3
690,3483,3
4314,4386,3
4368,4381,3
4358,4378,3
4313,4393,3
4342,4355,3
203,220,3
214,261,3
210,242,3
201,228,3
211,271,3
326,371,3
346,367,3
645,693,3
720,753,3
780,796,3
736,775,3
728,794,3
805,810,3
865,894,3
872,874,3
848,865,3
845,867,3
802,850,3
859,865,3
1042,1078,3
1041,1088,3
1213,1246,3
1359,1376,3
320,323,3
510,521,3
607,693,3
717,728,3
708,790,3
1015,1098,3
398,1232,3
385,761,3
709,1043,3
793,1031,3
773,1095,3
773,1056,3
381,752,3
705,1073,3
1509,1544,3
1553,1581,3
1907,1971,3
1942,1943,3
1942,1959,3
1910,1970,3
1921,1971,3
1912,1987,3
1904,1949,3
1952,1969,3
1986,1994,3
1924,1967,3
1927,1928,3
1951,1993,3
1951,1952,3
1951,1958,3
1905,1959,3
1906,1987,3
1931,1937,3
1931,1970,3
1947,1968,3
1947,1955,3
1976,1991,3
1915,1963,3
1957,1983,3
1918,1989,3
1936,1961,3
1926,1958,3
1972,1974,3
2001,2072,3
2133,2180,3
2143,2200,3
2227,2286,3
2232,2233,3
2202,2285,3
2231,2298,3
2256,2280,3
2225,2281,3
2264,2273,3
2213,2215,3
2213,2257,3
2234,2245,3
2207,2296,3
2235,2288,3
2259,2298,3
2404,2484,3
2412,2467,3
2412,2462,3
2430,2473,3
2547,2570,3
2534,2568,3
2648,2650,3
3065,3077,3
391,1656,3
3101,3180,3
3127,3162,3
3153,3168,3
3152,3180,3
3104,3141,3
3136,3161,3
3128,3177,3
3165,3199,3
3120,3137,3
610,3117,3
226,3132,3
1014,1542,3
1287,1561,3
755,3413,3
771,3490,3
374,3479,3
374,3436,3
4023,4039,3
4042,4059,3
4006,4064,3
4039,4045,3
2197,3154,3
246,3134,3
286,641,3
2106,3155,3
386,2515,3
490,2510,3
1693,2531,3
281,746,3
772,2199,3
3193,3421,3
1053,2186,3
272,3410,3
4360,4383,3
4314,4355,3
4308,4374,3
239,268,3
326,365,3
405,493,3
613,681,3
714,776,3
714,723,3
732,780,3
744,787,3
713,723,3
767,769,3
848,849,3
841,843,3
884,899,3
927,969,3
960,965,3
947,999,3
1019,1058,3
1011,1019,3
1050,1085,3
1245,1273,3
1245,1279,3
1446,1491,3
227,293,3
525,592,3
702,775,3
823,841,3
385,768,3
385,740,3
747,1045,3
309,792,3
755,1038,3
795,1021,3
758,1056,3
704,1035,3
366,743,3
330,750,3
330,729,3
799,1043,3
1092,1223,3
1538,1589,3
1507,1594,3
1977,1994,3
1925,1956,3
1901,1971,3
1901,1992,3
1966,1985,3
1966,1977,3
1988,1998,3
1904,1997,3
1955,1970,3
1927,1993,3
1951,1954,3
1951,1961,3
1909,1966,3
1935,1949,3
1916,1963,3
1906,1915,3
1940,1997,3
1918,1948,3
1918,1936,3
1911,1929,3
1911,1981,3
1936,1937,3
1926,1957,3
1917,1994,3
1965,1968,3
1943,1985,3
1903,1994,3
2038,2068,3
2108,2166,3
2149,2180,3
2227,2275,3
2280,2298,3
2201,2227,3
2262,2279,3
2266,2300,3
2231,2243,3
2211,2217,3
2236,2239,3
2236,2291,3
2242,2299,3
2226,2295,3
2221,2266,3
2221,2276,3
2225,2247,3
2203,2289,3
2443,2469,3
2522,2534,3
2613,2655,3
3015,3046,3
3041,3063,3
3011,3071,3
3046,3075,3
3169,3175,3
3110,3135,3
264,3171,3
1598,2608,3
772,3476,3
3933,3989,3
4038,4100,3
4021,4043,3
286,696,3
293,2560,3
39,2822,3
1299,2809,3
679,3490,3
272,3413,3
364,3159,3
4311,4334,3
4334,4375,3
4366,4397,3
256,283,3
280,294,3
227,280,3
389,391,3
414,416,3
568,586,3
518,570,3
646,695,3
618,631,3
618,666,3
610,638,3
757,769,3
794,796,3
736,787,3
775,798,3
790,796,3
819,878,3
831,874,3
812,889,3
801,845,3
810,823,3
891,894,3
965,974,3
1048,1099,3
1003,1098,3
1003,1058,3
1245,1257,3
1217,1250,3
624,627,3
1015,1041,3
382,755,3
374,785,3
315,768,3
381,774,3
759,1043,3
726,1035,3
750,1035,3
330,731,3
727,1023,3
764,1072,3
333,1271,3
1561,1595,3
1949,1998,3
1925,1977,3
1982,1985,3
1912,1972,3
1929,1955,3
1930,1970,3
1956,1965,3
1986,1990,3
1927,1946,3
1905,1975,3
1935,1948,3
1946,1953,3
1944,1977,3
1945,1961,3
1926,1997,3
1939,1978,3
1943,1947,3
1913,1948,3
1932,1947,3
1932,1935,3
2143,2172,3
2253,2289,3
2271,2276,3
2201,2298,3
2201,2248,3
2232,2285,3
2250,2251,3
2214,2231,3
2217,2277,3
2206,2255,3
2207,2221,3
2235,2247,3
2245,2259,3
2243,2285,3
2216,2280,3
2417,2452,3
2405,2438,3
2447,2496,3
2441,2447,3
2430,2498,3
2531,2534,3
2505,2596,3
2666,2685,3
2801,2897,3
3019,3065,3
3011,3046,3
3011,3078,3
3101,3109,3
3123,3165,3
3109,3184,3
3109,3175,3
3165,3186,3
3116,3117,3
274,3109,3
1066,1587,3
1228,2674,3
1014,1576,3
739,3414,3
374,3490,3
4045,4089,3
696,2106,3
628,3182,3
650,2600,3
1645,2573,3
2531,3123,3
2152,3471,3
221,701,3
760,3151,3
3193,3440,3
3167,3471,3
286,1095,3
272,3471,3
763,3122,3
4317,4355,3
4350,4378,3
4327,4390,3
4312,4325,3
4381,4397,3
126,135,3
255,283,3
232,280,3
208,269,3
234,269,3
337,352,3
343,370,3
333,336,3
320,352,3
335,371,3
518,580,3
625,650,3
720,784,3
770,787,3
723,769,3
748,770,3
735,796,3
711,720,3
844,862,3
844,899,3
874,889,3
801,851,3
801,899,3
847,881,3
916,968,3
1066,1081,3
1240,1268,3
1216,1245,3
1277,1292,3
1268,1272,3
1263,1285,3
607,682,3
708,789,3
708,735,3
1015,1090,3
385,778,3
385,747,3
729,1001,3
709,1002,3
381,799,3
731,1038,3
360,795,3
330,799,3
330,737,3
1092,1228,3
369,1024,3
340,1211,3
1873,1886,3
1977,2000,3
1960,1972,3
1907,1981,3
1910,1955,3
1982,1995,3
1958,1978,3
1958,1983,3
1912,1935,3
1962,1983,3
1924,1936,3
1951,1971,3
1951,1974,3
1968,1981,3
1909,1962,3
1909,1961,3
1905,1961,3
1928,1960,3
1947,1984,3
1944,1970,3
1911,1975,3
1936,1965,3
1934,1972,3
1972,1989,3
1965,1972,3
1913,1943,3
1913,1986,3
1908,1959,3
2172,2192,3
2105,2112,3
2184,2192,3
2104,2132,3
2156,2174,3
2240,2265,3
2271,2293,3
2223,2271,3
2230,2286,3
2202,2259,3
2208,2263,3
2242,2250,3
2265,2275,3
2215,2246,3
2206,2300,3
2238,2294,3
2212,2279,3
2203,2238,3
2245,2274,3
2249,2287,3
2451,2484,3
2813,2877,3
3148,3177,3
3152,3162,3
210,646,3
243,650,3
698,3186,3
231,692,3
1056,3405,3
366,3446,3
3914,3941,3
4081,4089,3
4045,4056,3
4063,4079,3
272,649,3
289,3155,3
244,602,3
602,2105,3
684,2531,3
276,386,3
2534,3192,3
244,1053,3
289,701,3
247,716,3
2186,3477,3
4317,4383,3
4317,4348,3
4360,4365,3
4338,4365,3
4361,4398,3
4355,4383,3
4313,4378,3
269,273,3
273,276,3
223,273,3
515,544,3
563,580,3
663,685,3
715,732,3
732,736,3
744,748,3
723,780,3
776,777,3
769,788,3
711,722,3
841,894,3
852,897,3
926,934,3
916,974,3
1048,1055,3
1003,1018,3
1010,1054,3
1272,1289,3
1227,1287,3
1356,1362,3
1424,1486,3
1416,1472,3
378,749,3
729,1023,3
746,1044,3
308,752,3
324,774,3
733,1021,3
330,759,3
1503,1537,3
1910,1964,3
1981,1994,3
1973,1991,3
1978,1981,3
1924,1930,3
1927,1938,3
1968,1985,3
1920,1982,3
1928,1988,3
1906,1936,3
1946,1957,3
1919,1987,3
1944,1956,3
1971,1981,3
1984,1986,3
1957,1976,3
1936,1994,3
1936,1953,3
1934,1941,3
1917,1927,3
1917,1966,3
1932,1992,3
1902,1932,3
1948,1953,3
2038,2062,3
2108,2176,3
2104,2151,3
2125,2175,3
2280,2299,3
2224,2275,3
2201,2289,3
2201,2280,3
2214,2274,3
2204,2250,3
2269,2294,3
2239,2279,3
2264,2300,3
2238,2248,3
2212,2295,3
2213,2275,3
2205,2218,3
2267,2272,3
2244,2270,3
2259,2286,3
2417,2437,3
2407,2462,3
2427,2441,3
2404,2460,3
2541,2589,3
2515,2563,3
2603,2648,3
3024,3084,3
3059,3065,3
401,1602,3
3118,3125,3
3149,3199,3
3116,3180,3
3120,3175,3
299,3109,3
698,3132,3
677,3109,3
746,3411,3
771,3483,3
4073,4093,3
4010,4046,3
2105,3195,3
679,3154,3
290,2153,3
286,2105,3
609,3154,3
610,2560,3
1693,2570,3
430,2803,3
431,2803,3
603,772,3
2152,3410,3
221,3440,3
289,1001,3
760,3167,3
1023,2152,3
295,3444,3
1095,2199,3
1095,3182,3
4378,4381,3
4320,4329,3
4369,4381,3
4381,4383,3
521,544,3
536,597,3
586,595,3
657,677,3
723,800,3
757,798,3
776,784,3
742,744,3
790,800,3
827,881,3
810,852,3
1058,1097,3
1011,1033,3
1003,1041,3
1008,1061,3
1216,1277,3
1202,1275,3
204,274,3
204,299,3
523,597,3
607,645,3
708,767,3
315,795,3
309,786,3
313,743,3
313,709,3
795,1044,3
786,1056,3
395,705,3
749,1026,3
333,1092,3
1538,1581,3
1504,1524,3
1587,1599,3
1803,1886,3
1949,1995,3
1910,1945,3
1967,1972,3
1921,1940,3
1914,1926,3
1901,1936,3
1912,1958,3
1962,1997,3
1962,1971,3
1973,1989,3
1929,1930,3
1954,1994,3
1956,1991,3
1905,1920,3
1935,1995,3
1916,1949,3
1950,1959,3
1950,1981,3
1931,1961,3
1946,1965,3
1945,1960,3
1911,1961,3
1926,1952,3
1972,1985,3
1972,1977,3
1939,1962,3
1923,1980,3
1923,1928,3
1913,1995,3
1903,1950,3
1902,1989,3
2102,2118,3
2175,2191,3
2150,2174,3
2133,2196,3
2210,2219,3
2224,2299,3
2237,2252,3
2289,2292,3
2262,2276,3
2230,2245,3
2233,2278,3
2211,2289,3
2208,2293,3
2204,2252,3
2204,2248,3
2290,2300,3
2238,2258,3
2203,2219,3
2460,2469,3
2462,2478,3
2613,2641,3
3015,3077,3
3005,3046,3
3119,3164,3
3168,3177,3
646,3112,3
1228,2699,3
1228,1503,3
739,3421,3
1001,3476,3
3933,3966,3
4068,4094,3
4026,4081,3
4027,4073,3
4010,4042,3
602,3122,3
650,2522,3
451,2527,3
274,2522,3
281,3440,3
3182,3491,3
221,3490,3
740,3114,3
751,2199,3
4325,4348,3
4335,4397,3
4393,4397,3
4314,4383,3
4328,4381,3
4320,4359,3
4358,4374,3
4312,4327,3
177,187,3
229,256,3
283,299,3
230,242,3
254,294,3
356,357,3
340,342,3
307,337,3
312,346,3
438,471,3
518,557,3
585,586,3
680,681,3
621,691,3
660,680,3
714,735,3
765,790,3
732,800,3
757,794,3
742,784,3
736,790,3
725,787,3
756,767,3
822,895,3
812,872,3
810,811,3
862,865,3
934,974,3
1058,1098,3
1032,1088,3
1003,1032,3
1333,1368,3
208,210,3
314,336,3
510,523,3
523,592,3
378,773,3
721,1057,3
703,1029,3
773,1002,3
309,739,3
381,743,3
381,703,3
726,1073,3
750,1038,3
740,1021,3
740,1073,3
324,731,3
733,1026,3
764,1043,3
1907,1997,3
1907,1973,3
1942,1950,3
1967,1987,3
1914,1934,3
1914,1937,3
1914,1962,3
1901,1991,3
1970,1978,3
1904,1954,3
1952,1978,3
1924,1989,3
1927,1973,3
1922,1939,3
1909,1933,3
1935,1941,3
1935,1981,3
1974,1977,3
1947,1949,3
1947,1998,3
1944,1959,3
1953,1993,3
1940,1946,3
1938,1977,3
1915,1926,3
1934,1981,3
1913,1989,3
1913,1968,3
1908,1931,3
1948,1987,3
2117,2156,3
2224,2229,3
2273,2276,3
2248,2298,3
2220,2230,3
2217,2299,3
2204,2217,3
2256,2289,3
2213,2274,3
2205,2257,3
2245,2257,3
2219,2257,3
2219,2227,3
2216,2245,3
2246,2259,3
2406,2412,3
2406,2451,3
2425,2485,3
2547,2551,3
2531,2575,3
2525,2534,3
2546,2600,3
2560,2571,3
2515,2600,3
2624,2629,3
2628,2698,3
3077,3078,3
398,459,3
459,1662,3
401,1656,3
3153,3183,3
3120,3123,3
243,698,3
660,3116,3
204,3116,3
205,615,3
688,3162,3
212,680,3
755,3461,3
752,3483,3
3908,3980,3
4033,4036,3
4042,4079,3
4016,4099,3
673,3114,3
221,3134,3
293,490,3
2536,3116,3
603,3402,3
281,1023,3
679,3414,3
263,772,3
292,3471,3
292,368,3
4325,4390,3
4369,4393,3
4365,4383,3
219,239,3
268,288,3
204,243,3
223,283,3
217,239,3
337,371,3
320,361,3
575,592,3
550,557,3
507,586,3
507,554,3
604,606,3
606,692,3
615,657,3
782,800,3
720,738,3
735,798,3
725,789,3
805,867,3
848,889,3
806,838,3
810,833,3
804,845,3
891,895,3
1019,1071,3
1055,1064,3
1049,1061,3
1206,1286,3
1240,1277,3
1087,1264,3
316,387,3
713,779,3
804,874,3
802,804,3
823,889,3
838,849,3
1039,1041,3
374,749,3
703,1073,3
793,1026,3
309,771,3
328,749,3
330,719,3
305,739,3
305,709,3
727,1002,3
749,1001,3
362,786,3
764,1045,3
1508,1596,3
1525,1570,3
1991,2000,3
1960,1986,3
1925,1978,3
1962,1966,3
1970,1988,3
1955,1997,3
1951,1986,3
1968,1983,3
1905,1994,3
1905,1915,3
1974,1987,3
1938,1950,3
1984,1996,3
1957,1966,3
1918,1999,3
1917,1986,3
1923,1934,3
1913,1977,3
1902,1982,3
1902,1949,3
2174,2198,3
2149,2170,3
2127,2196,3
2138,2171,3
2237,2298,3
2223,2287,3
2220,2286,3
2215,2251,3
2269,2285,3
2278,2292,3
2235,2284,3
2241,2261,3
2243,2256,3
2219,2243,3
2436,2437,3
2436,2478,3
2427,2460,3
2731,2746,3
3089,3093,3
1240,1635,3
3164,3197,3
3104,3152,3
3141,3169,3
677,3178,3
1053,3479,3
366,3483,3
4023,4058,3
4023,4094,3
295,3172,3
2123,3154,3
290,2183,3
655,2153,3
443,3180,3
1693,2560,3
1645,2531,3
2391,2877,3
221,772,3
263,3490,3
1095,2175,3
690,3490,3
4348,4372,3
4355,4363,3
275,296,3
205,273,3
243,254,3
276,283,3
201,261,3
226,254,3
231,256,3
373,387,3
316,352,3
528,563,3
528,537,3
518,592,3
554,578,3
601,625,3
777,783,3
742,753,3
742,794,3
872,876,3
819,838,3
843,862,3
801,811,3
845,872,3
832,838,3
926,968,3
916,970,3
1032,1097,3
215,280,3
715,720,3
710,770,3
718,788,3
804,884,3
823,891,3
838,844,3
721,1073,3
368,727,3
734,1029,3
786,1031,3
731,1023,3
731,1057,3
395,799,3
305,752,3
1024,1212,3
1538,1569,3
1508,1566,3
1542,1589,3
1654,1699,3
1910,1916,3
1958,2000,3
1914,1995,3
1912,1953,3
1964,1998,3
1904,1945,3
1904,1998,3
1930,1972,3
1955,1984,3
1951,1970,3
1951,1982,3
1909,1918,3
1905,1940,3
1935,1984,3
1935,1951,3
1928,1950,3
1928,1949,3
1950,1964,3
1946,1961,3
1953,1991,3
1945,1972,3
1980,1984,3
1933,1962,3
1917,2000,3
1923,1955,3
1903,1946,3
2209,2220,3
2208,2281,3
2222,2260,3
2234,2265,3
2234,2240,3
2205,2228,3
2249,2264,3
2216,2292,3
2328,2378,3
2460,2462,3
2454,2478,3
2464,2469,3
2430,2436,3
2575,2600,3
3015,3096,3
3046,3071,3
459,1656,3
3161,3164,3
3170,3183,3
274,3186,3
204,3184,3
605,3178,3
276,698,3
772,3438,3
752,3490,3
759,3451,3
3924,3980,3
4033,4068,3
4013,4063,3
4008,4082,3
2152,3174,3
690,3134,3
2175,3134,3
443,2600,3
2567,3180,3
255,2531,3
281,724,3
221,1023,3
2199,3461,3
2199,3402,3
286,751,3
4304,4338,3
4335,4368,3
4302,4328,3
4338,4350,3
4328,4368,3
4358,4365,3
4342,4365,3
4366,4393,3
117,126,3
273,283,3
226,296,3
217,288,3
310,349,3
343,396,3
544,595,3
521,592,3
536,557,3
508,557,3
613,693,3
604,695,3
745,800,3
718,742,3
833,888,3
833,862,3
819,859,3
822,872,3
806,865,3
862,889,3
802,847,3
802,839,3
851,874,3
849,851,3
926,999,3
1060,1075,3
1018,1052,3
1235,1279,3
310,318,3
708,787,3
1015,1018,3
1217,1292,3
721,1023,3
341,774,3
315,771,3
726,1043,3
313,721,3
760,1072,3
768,1073,3
730,1038,3
324,726,3
1509,1587,3
1509,1581,3
1553,1561,3
1639,1646,3
1602,1696,3
1907,1989,3
1914,1964,3
1914,1979,3
1912,1974,3
1966,1991,3
1970,1991,3
1929,1959,3
1959,1971,3
1986,1992,3
1978,1996,3
1924,1971,3
1905,1949,3
1916,1952,3
1969,1984,3
1946,1954,3
1915,1982,3
1933,1934,3
1965,1988,3
1932,1962,3
1932,1983,3
1903,1919,3
1903,1951,3
1903,1961,3
1903,1977,3
1975,1997,3
1975,1986,3
1975,1981,3
1948,1975,3
2101,2139,3
2152,2159,3
2105,2151,3
2133,2200,3
2118,2128,3
2127,2172,3
2224,2234,3
2224,2283,3
2232,2286,3
2261,2276,3
2202,2209,3
2211,2286,3
2208,2262,3
2204,2238,3
2269,2298,3
2213,2289,3
2234,2286,3
2205,2243,3
2207,2268,3
2259,2294,3
2315,2378,3
2417,2459,3
2429,2467,3
2427,2464,3
2438,2492,3
2467,2469,3
2514,2539,3
2551,2595,3
2554,2576,3
2712,2731,3
3101,3149,3
3108,3142,3
3132,3184,3
212,677,3
1506,2697,3
771,3440,3
4026,4068,3
4004,4100,3
4058,4068,3
295,628,3
641,2178,3
451,2538,3
274,1693,3
244,1095,3
4360,4378,3
4347,4350,3
4302,4334,3
4338,4397,3
4343,4360,3
4312,4390,3
4365,4366,3
269,274,3
242,266,3
405,456,3
523,568,3
574,595,3
693,698,3
788,789,3
717,748,3
865,872,3
841,868,3
812,888,3
810,850,3
845,897,3
837,888,3
916,926,3
1085,1099,3
1270,1273,3
1245,1277,3
1245,1278,3
212,231,3
902,927,3
378,793,3
354,737,3
747,1007,3
341,731,3
315,749,3
330,760,3
792,1038,3
334,703,3
764,1035,3
1991,1998,3
1949,1969,3
1907,1921,3
1981,1999,3
1901,1916,3
1912,1930,3
1964,1993,3
1964,1983,3
1904,1955,3
1904,1966,3
1954,1978,3
1959,1987,3
1952,1986,3
1952,1979,3
1955,1973,3
1922,1966,3
1951,1991,3
1905,1929,3
1935,1979,3
1916,1972,3
1931,1945,3
1931,1955,3
1947,1958,3
1944,1946,3
1940,1972,3
1915,1996,3
1918,1931,3
1918,1988,3
1926,1974,3
1933,1954,3
1933,1982,3
1939,1951,3
1965,1969,3
1943,1958,3
1932,1982,3
1908,1990,3
1902,1911,3
2031,2072,3
2101,2198,3
2146,2159,3
2139,2195,3
2106,2167,3
2127,2166,3
2248,2256,3
2214,2277,3
2263,2295,3
2236,2297,3
2204,2230,3
2204,2232,3
2204,2289,3
2258,2292,3
2213,2217,3
2235,2296,3
2268,2291,3
2219,2231,3
2272,2293,3
2275,2277,3
2410,2450,3
3065,3089,3
3123,3145,3
3171,3175,3
276,680,3
752,3410,3
759,3479,3
4023,4027,3
4028,4036,3
4006,4038,3
4049,4093,3
4008,4081,3
4039,4081,3
4064,4074,3
292,3154,3
641,3182,3
221,2105,3
255,2586,3
398,2877,3
603,3414,3
3122,3436,3
286,3410,3
2183,3490,3
263,746,3
690,3413,3
4304,4370,3
4347,4393,3
4318,4320,3
4320,4396,3
4342,4397,3
214,288,3
303,312,3
339,371,3
568,570,3
563,578,3
563,592,3
510,597,3
507,557,3
645,692,3
717,744,3
748,779,3
848,867,3
822,859,3
847,895,3
802,867,3
888,899,3
934,968,3
1032,1058,3
1048,1088,3
1033,1099,3
1018,1085,3
1257,1286,3
1216,1279,3
312,316,3
525,597,3
708,769,3
708,777,3
810,881,3
1215,1299,3
385,799,3
309,772,3
381,731,3
313,737,3
706,1073,3
308,733,3
366,799,3
324,786,3
355,734,3
772,1025,3
1063,1271,3
1504,1561,3
1550,1566,3
1961,1971,3
1960,1995,3
1925,1940,3
1981,1984,3
1901,1983,3
1964,1992,3
1973,1998,3
1920,1993,3
1920,1955,3
1909,1932,3
1937,1951,3
1906,1933,3
1946,1968,3
1947,1988,3
1944,1979,3
1915,1954,3
1911,1926,3
1941,1945,3
1941,1947,3
1936,1947,3
1939,1994,3
1913,1937,3
1913,1999,3
1932,1943,3
1903,1982,3
1908,1989,3
1908,1996,3
2159,2197,3
2143,2194,3
2253,2269,3
2210,2220,3
2223,2290,3
2230,2278,3
2226,2267,3
2226,2300,3
2206,2225,3
2225,2293,3
2225,2300,3
2203,2209,3
2219,2248,3
2275,2298,3
2425,2450,3
2484,2492,3
2412,2437,3
2575,2595,3
2674,2682,3
3011,3059,3
3149,3165,3
3157,3191,3
211,611,3
740,3411,3
3905,3965,3
4006,4058,3
4014,4043,3
272,3154,3
2105,3188,3
2105,3159,3
655,3167,3
649,3134,3
628,3195,3
293,2600,3
1232,2536,3
3198,3471,3
679,724,3
3114,3414,3
4311,4390,3
4372,4374,3
248,273,3
255,271,3
256,264,3
212,264,3
361,390,3
416,435,3
568,574,3
568,584,3
604,605,3
779,800,3
843,845,3
811,851,3
802,872,3
1019,1032,3
1011,1050,3
1050,1088,3
1009,1081,3
1010,1067,3
1090,1099,3
1368,1378,3
208,232,3
525,528,3
713,788,3
833,899,3
837,848,3
1006,1067,3
1008,1094,3
703,1056,3
752,1072,3
324,734,3
330,778,3
305,716,3
1977,1981,3
1961,1978,3
1960,1989,3
1960,1996,3
1907,1939,3
1967,1995,3
1912,1971,3
1995,2000,3
1904,1937,3
1922,1940,3
1920,1942,3
1905,1976,3
1905,1937,3
1935,1947,3
1928,1979,3
1906,1962,3
1931,1951,3
1919,1978,3
1919,1996,3
1953,1955,3
1945,1950,3
1941,1946,3
1917,1943,3
1923,1926,3
1932,1965,3
1903,1934,3
1908,1970,3
2001,2038,3
2161,2171,3
2104,2123,3
2127,2139,3
2201,2274,3
2201,2278,3
2277,2289,3
2214,2245,3
2209,2278,3
2209,2248,3
2209,2253,3
2255,2279,3
2217,2246,3
2217,2234,3
2252,2298,3
2225,2226,3
2212,2288,3
2243,2265,3
2260,2273,3
2216,2277,3
2229,2253,3
2478,2496,3
2405,2459,3
2443,2459,3
2505,2594,3
2628,2666,3
2610,2624,3
2712,2753,3
2726,2731,3
3011,3084,3
1299,1602,3
3125,3197,3
3108,3189,3
266,622,3
645,3157,3
229,3149,3
333,2674,3
314,1506,3
1014,2667,3
3914,3978,3
4023,4064,3
4043,4056,3
4033,4056,3
4038,4074,3
4012,4046,3
4008,4074,3
2106,3154,3
443,650,3
1645,2568,3
751,2153,3
1053,2199,3
263,3440,3
368,2199,3
4348,4378,3
4338,4374,3
4383,4400,3
135,172,3
248,283,3
201,239,3
280,293,3
227,273,3
347,348,3
665,688,3
645,660,3
770,788,3
779,780,3
784,787,3
735,787,3
753,767,3
741,754,3
839,874,3
865,874,3
822,879,3
812,849,3
813,833,3
806,844,3
810,847,3
823,879,3
823,867,3
852,881,3
934,944,3
1019,1048,3
1052,1086,3
1052,1064,3
1082,1087,3
386,1300,3
227,294,3
508,584,3
508,515,3
710,711,3
811,876,3
806,810,3
378,705,3
309,768,3
313,759,3
758,1045,3
774,1023,3
360,758,3
334,774,3
334,795,3
1042,1269,3
1598,1599,3
1645,1673,3
1625,1696,3
1907,1974,3
1983,1988,3
1942,1993,3
1912,1937,3
1929,1992,3
1904,1964,3
1952,1968,3
1952,1956,3
1930,1960,3
1924,1979,3
1927,1947,3
1909,1960,3
1937,1991,3
1935,1937,3
1928,1976,3
1928,1944,3
1919,1952,3
1919,1970,3
1940,1958,3
1938,1971,3
1911,1979,3
1936,1983,3
1917,1955,3
1913,2000,3
1913,1957,3
1932,1988,3
1932,1960,3
1902,1969,3
2101,2195,3
2143,2180,3
2143,2157,3
2147,2175,3
2240,2277,3
2248,2280,3
2282,2293,3
2228,2245,3
2218,2246,3
2218,2289,3
2212,2249,3
2203,2232,3
2235,2260,3
2272,2279,3
2229,2269,3
2303,2325,3
2303,2334,3
2437,2454,3
2425,2447,3
2410,2429,3
2525,2586,3
2546,2573,3
2612,2648,3
2830,2868,3
3024,3059,3
3127,3137,3
274,3199,3
274,646,3
646,3132,3
255,645,3
665,3173,3
333,1581,3
1223,2674,3
366,3476,3
3905,3909,3
3914,3931,3
3914,3940,3
3914,3980,3
4004,4028,3
696,3155,3
215,2568,3
606,1693,3
221,364,3
289,3477,3
701,3193,3
286,3444,3
1001,2175,3
4335,4370,3
4314,4356,3
4327,4348,3
4355,4369,3
203,267,3
335,361,3
525,586,3
585,597,3
604,658,3
665,684,3
607,660,3
779,788,3
745,765,3
735,779,3
741,767,3
754,780,3
832,874,3
1019,1064,3
1486,1499,3
710,756,3
806,833,3
837,899,3
734,1095,3
734,1045,3
364,737,3
778,1001,3
793,1023,3
706,1002,3
758,1073,3
730,1021,3
376,799,3
355,743,3
362,799,3
1910,1949,3
1981,1991,3
1958,1965,3
1914,1989,3
1914,1960,3
1912,1999,3
1970,1990,3
1904,1917,3
1904,1910,3
1978,1980,3
1927,1939,3
1951,1999,3
1937,1955,3
1916,1981,3
1946,1982,3
1919,1980,3
1926,1989,3
1926,1929,3
1926,1995,3
1933,1945,3
1923,1994,3
1923,1933,3
1913,1985,3
2257,2292,3
2224,2227,3
2237,2257,3
2201,2283,3
2248,2277,3
2232,2298,3
2262,2281,3
2230,2253,3
2209,2250,3
2202,2210,3
2255,2264,3
2231,2252,3
2279,2288,3
2206,2272,3
2222,2226,3
2213,2230,3
2235,2300,3
2216,2286,3
2229,2248,3
2447,2451,3
2452,2473,3
2413,2485,3
2407,2485,3
2441,2478,3
2412,2460,3
2467,2492,3
2473,2498,3
2531,2551,3
2525,2584,3
2654,2656,3
2629,2643,3
2626,2685,3
2712,2726,3
3075,3096,3
3078,3089,3
3149,3186,3
3107,3180,3
3110,3183,3
3125,3164,3
3117,3171,3
3116,3191,3
3113,3176,3
231,613,3
1066,1569,3
751,3447,3
759,3446,3
4020,4079,3
4028,4093,3
4014,4100,3
247,602,3
247,2105,3
2183,3134,3
2175,3172,3
299,2586,3
490,2576,3
275,2560,3
471,1637,3
3198,3490,3
281,1001,3
772,2153,3
3167,3421,3
3114,3402,3
4316,4320,3
4324,4398,3
4319,4328,3
4334,4356,3
242,296,3
316,320,3
550,554,3
537,588,3
523,556,3
646,692,3
738,796,3
720,735,3
732,782,3
713,728,3
725,767,3
872,881,3
841,849,3
831,876,3
801,843,3
801,895,3
810,859,3
862,870,3
849,894,3
1018,1050,3
1257,1288,3
1257,1277,3
1240,1245,3
1237,1239,3
1218,1250,3
518,536,3
711,788,3
838,843,3
1218,1299,3
382,747,3
354,786,3
721,1026,3
721,1025,3
315,730,3
364,773,3
308,703,3
376,764,3
305,751,3
1537,1553,3
1674,1696,3
1907,1964,3
1981,1982,3
1921,1994,3
1964,1972,3
1973,1994,3
1904,1960,3
1955,1989,3
1920,1939,3
1909,1985,3
1909,1942,3
1905,1931,3
1905,1977,3
1928,1959,3
1906,1980,3
1906,1973,3
1971,1979,3
1938,1948,3
1915,1994,3
1957,1986,3
1957,1962,3
1911,1982,3
1936,1963,3
1936,1973,3
1923,1966,3
1902,1926,3
1902,1910,3
2031,2068,3
2248,2278,3
2230,2257,3
2209,2257,3
2202,2248,3
2231,2248,3
2236,2282,3
2236,2295,3
2226,2284,3
2204,2286,3
2285,2294,3
2206,2273,3
2222,2267,3
2213,2286,3
2203,2230,3
2443,2496,3
2407,2450,3
2425,2460,3
2450,2459,3
2467,2485,3
2536,2589,3
2568,2584,3
2525,2528,3
2689,2698,3
2604,2666,3
2840,2868,3
461,1652,3
3104,3158,3
3110,3177,3
3117,3145,3
3117,3137,3
3120,3158,3
266,688,3
226,3169,3
605,3137,3
215,3137,3
229,3152,3
1287,2655,3
724,3479,3
364,3479,3
3901,3930,3
4005,4026,3
4015,4028,3
4057,4080,3
2199,3174,3
299,2539,3
610,2576,3
391,2809,3
244,3410,3
221,3444,3
724,3167,3
218,3444,3
1001,3122,3
247,1023,3
364,3188,3
292,763,3
690,701,3
4325,4378,3
4335,4342,3
4335,4350,3
4342,4356,3
229,248,3
271,273,3
346,393,3
357,375,3
316,367,3
307,339,3
652,666,3
610,693,3
638,659,3
715,790,3
748,753,3
754,775,3
833,884,3
813,867,3
847,884,3
847,870,3
802,881,3
868,870,3
852,894,3
1217,1278,3
1409,1445,3
1459,1486,3
713,789,3
711,780,3
708,718,3
718,798,3
804,889,3
838,881,3
1015,1080,3
385,712,3
378,762,3
368,707,3
315,760,3
315,721,3
328,743,3
749,1056,3
362,778,3
707,1044,3
799,1035,3
1537,1595,3
1524,1589,3
1907,1950,3
1921,1999,3
1964,1968,3
1966,2000,3
1959,1981,3
1955,1978,3
1927,1972,3
1905,1981,3
1937,1982,3
1906,1949,3
1946,1958,3
1976,1994,3
1936,1984,3
1936,1958,3
1933,1991,3
1917,1990,3
1943,1994,3
1975,1996,3
1902,1952,3
1948,1991,3
2102,2106,3
2174,2180,3
2138,2156,3
2138,2194,3
2209,2245,3
2202,2205,3
2266,2282,3
2211,2256,3
2204,2240,3
2225,2254,3
2222,2287,3
2203,2252,3
2205,2258,3
2245,2277,3
2275,2292,3
2405,2500,3
2436,2497,3
2430,2500,3
2539,2546,3
2522,2547,3
2610,2689,3
3059,3087,3
3152,3178,3
622,3178,3
230,660,3
1063,1539,3
1561,2697,3
1223,1587,3
1023,3446,3
739,3479,3
771,3405,3
366,3475,3
1095,3446,3
3924,3955,3
3955,3966,3
3955,3980,3
4041,4056,3
4074,4096,3
4021,4089,3
4008,4027,3
246,3174,3
221,2123,3
2106,3193,3
215,2570,3
2568,3180,3
490,3180,3
281,3483,3
3182,3436,3
289,3410,3
2199,3413,3
701,2199,3
286,368,3
4317,4360,3
4348,4400,3
361,367,3
432,441,3
515,523,3
521,523,3
592,597,3
525,585,3
523,550,3
666,697,3
660,698,3
711,718,3
805,884,3
850,878,3
804,833,3
851,876,3
916,917,3
1032,1090,3
1086,1090,3
1090,1098,3
1271,1276,3
1202,1221,3
1239,1257,3
510,522,3
1223,1230,3
374,781,3
315,792,3
313,773,3
758,1043,3
786,1072,3
395,785,3
704,1072,3
376,750,3
355,785,3
1092,1269,3
317,1254,3
1042,1236,3
1504,1553,3
1509,1542,3
1589,1599,3
1949,1971,3
1942,1969,3
1910,1981,3
1930,1968,3
1924,1969,3
1955,1987,3
1922,1930,3
1909,1948,3
1937,1990,3
1935,1964,3
1916,1986,3
1919,1940,3
1944,1963,3
1933,1955,3
1932,1938,3
1908,1948,3
1902,1999,3
1902,1990,3
1948,1982,3
2151,2153,3
2108,2127,3
2112,2183,3
2161,2196,3
2121,2199,3
2240,2258,3
2227,2277,3
2201,2275,3
2263,2266,3
2263,2276,3
2202,2245,3
2233,2246,3
2228,2257,3
2255,2291,3
2211,2220,3
2208,2268,3
2236,2273,3
2204,2234,3
2291,2296,3
2221,2288,3
2206,2297,3
2212,2272,3
2246,2270,3
2452,2500,3
2460,2478,3
2413,2500,3
2496,2497,3
2726,2753,3
2940,2955,3
391,1635,3
3175,3191,3
3175,3186,3
3148,3164,3
3113,3197,3
3120,3146,3
369,2667,3
739,3493,3
739,3490,3
752,3471,3
1095,3411,3
3901,3941,3
4042,4099,3
641,3122,3
443,3123,3
248,2600,3
276,451,3
490,2567,3
490,2570,3
490,2563,3
274,2573,3
212,2534,3
2521,3123,3
2178,3414,3
772,3167,3
679,3405,3
746,2153,3
2175,3483,3
1023,3167,3
716,3195,3
295,760,3
4325,4397,3
4304,4363,3
4370,4386,3
4347,4374,3
4314,4325,3
4313,4358,3
283,293,3
255,273,3
264,275,3
303,373,3
356,387,3
357,372,3
405,429,3
521,525,3
536,570,3
518,595,3
510,550,3
510,544,3
627,677,3
717,777,3
725,770,3
767,789,3
833,838,3
813,841,3
806,881,3
804,859,3
852,859,3
1052,1080,3
1240,1285,3
1225,1257,3
1352,1376,3
322,396,3
713,780,3
802,812,3
837,868,3
823,848,3
823,844,3
747,1044,3
308,705,3
366,726,3
334,793,3
799,1044,3
343,1221,3
1544,1589,3
1539,1594,3
1682,1699,3
1977,1982,3
1961,1976,3
1907,1933,3
1907,1958,3
1925,1958,3
1910,1974,3
1981,1998,3
1921,1955,3
1921,1925,3
1964,1973,3
1973,2000,3
1952,1973,3
1956,1977,3
1955,1981,3
1922,1945,3
1922,1962,3
1905,1945,3
1905,1982,3
1928,1967,3
1906,1952,3
1931,1935,3
1931,1973,3
1940,1980,3
1938,1939,3
1976,1985,3
1989,1991,3
1915,1972,3
1918,1963,3
1934,1979,3
1933,1972,3
1965,1990,3
1903,1960,3
2102,2151,3
2133,2138,3
2132,2146,3
2112,2178,3
2237,2246,3
2201,2251,3
2250,2278,3
2214,2256,3
2209,2224,3
2266,2279,3
2226,2271,3
2218,2259,3
2279,2287,3
2206,2239,3
2264,2295,3
2235,2241,3
2268,2279,3
2219,2274,3
2229,2278,3
2460,2492,3
2407,2484,3
2410,2430,3
2441,2451,3
2527,2573,3
2668,2697,3
3041,3087,3
3123,3152,3
3152,3192,3
205,677,3
681,3157,3
1063,1504,3
4028,4081,3
4004,4043,3
4014,4039,3
292,3172,3
655,3172,3
606,2539,3
293,1693,3
244,3483,3
2197,3413,3
760,2186,3
763,2175,3
2153,3436,3
4360,4390,3
4360,4370,3
4370,4390,3
4347,4360,3
4302,4363,3
4378,4390,3
4343,4393,3
4334,4365,3
242,273,3
284,288,3
372,393,3
471,493,3
544,570,3
568,585,3
523,554,3
627,638,3
652,664,3
664,694,3
645,658,3
601,605,3
765,798,3
745,796,3
777,779,3
784,789,3
748,769,3
725,736,3
728,777,3
754,788,3
844,874,3
850,897,3
870,889,3
806,843,3
804,850,3
804,872,3
916,944,3
1218,1270,3
204,211,3
215,229,3
312,384,3
510,525,3
728,800,3
710,794,3
710,776,3
1018,1090,3
341,724,3
743,1002,3
739,1025,3
395,719,3
704,1073,3
366,774,3
330,771,3
330,785,3
1907,1949,3
1967,1985,3
1912,1920,3
1962,1975,3
1973,1997,3
1959,1975,3
1959,1967,3
1952,1991,3
1924,1981,3
1955,1998,3
1951,1975,3
1905,1923,3
1905,1947,3
1905,1974,3
1931,1992,3
1946,1981,3
1947,1997,3
1919,1956,3
1940,1947,3
1945,1965,3
1918,1927,3
1911,1952,3
1911,1973,3
1980,1985,3
1941,1976,3
1936,1974,3
1934,1990,3
1926,1966,3
1933,1953,3
1913,1924,3
1902,1993,3
2180,2198,3
2113,2198,3
2104,2125,3
2257,2299,3
2223,2255,3
2209,2289,3
2208,2266,3
2245,2280,3
2219,2256,3
2260,2297,3
2260,2261,3
2405,2430,3
2406,2473,3
2410,2467,3
2451,2462,3
2538,2576,3
2547,2565,3
2503,2522,3
2528,2551,3
2629,2648,3
2610,2654,3
3065,3084,3
1240,1652,3
430,1656,3
461,1635,3
3137,3169,3
3153,3197,3
3165,3169,3
3165,3180,3
3170,3177,3
657,3171,3
613,3149,3
611,3112,3
293,646,3
230,657,3
759,3490,3
366,3414,3
3930,3980,3
4041,4093,3
4073,4089,3
4004,4008,3
2199,3134,3
263,696,3
696,2186,3
215,2567,3
490,1645,3
431,2887,3
39,1299,3
603,3461,3
3198,3483,3
2199,3471,3
609,3436,3
1001,3159,3
272,746,3
247,3483,3
3159,3410,3
4317,4397,3
4358,4372,3
4358,4360,3
266,283,3
226,231,3
234,293,3
471,491,3
570,595,3
523,580,3
613,670,3
657,684,3
665,698,3
625,670,3
601,646,3
770,775,3
722,735,3
723,775,3
717,787,3
748,767,3
753,790,3
878,895,3
822,891,3
822,884,3
870,872,3
884,889,3
813,868,3
1049,1060,3
1085,1098,3
1270,1279,3
507,528,3
638,695,3
718,780,3
813,819,3
804,899,3
837,845,3
837,876,3
934,991,3
341,786,3
778,1043,3
705,1029,3
712,1007,3
731,1007,3
774,1045,3
774,1073,3
701,1035,3
1063,1236,3
1607,1625,3
1652,1686,3
1960,1993,3
1907,1931,3
1907,1970,3
1942,1990,3
1910,1996,3
1973,1974,3
1970,1980,3
1929,1953,3
1904,1977,3
1954,1992,3
1922,1993,3
1922,1938,3
1922,1977,3
1920,1940,3
1935,1939,3
1928,1935,3
1916,1950,3
1916,1925,3
1906,1935,3
1946,1974,3
1971,1984,3
1938,1942,3
1984,1995,3
1984,1998,3
1911,1939,3
1941,1948,3
1917,1944,3
1965,1966,3
1943,1971,3
2171,2196,3
2196,2198,3
2152,2193,3
2102,2112,3
2108,2195,3
2118,2132,3
2161,2194,3
2156,2194,3
2177,2195,3
2223,2266,3
2250,2299,3
2214,2269,3
2209,2215,3
2233,2283,3
2217,2257,3
2236,2267,3
2242,2248,3
2218,2220,3
2258,2259,3
2207,2282,3
2235,2261,3
2243,2253,3
2219,2232,3
2254,2261,3
2478,2485,3
2404,2467,3
2404,2417,3
2568,2575,3
2510,2584,3
2666,2673,3
2612,2644,3
2628,2654,3
2726,2746,3
3005,3089,3
459,1240,3
3164,3176,3
3136,3177,3
3170,3176,3
232,605,3
210,3123,3
294,646,3
294,645,3
658,3157,3
658,3123,3
698,3157,3
755,3402,3
368,3493,3
739,3444,3
752,3439,3
366,3413,3
366,3477,3
4006,4049,3
4012,4013,3
603,3172,3
292,3174,3
2183,3155,3
673,3134,3
673,2197,3
281,602,3
221,655,3
443,2573,3
1625,2803,3
431,2391,3
218,1023,3
295,724,3
2186,3436,3
3114,3410,3
4348,4370,3
4312,4383,3
326,390,3
343,349,3
335,347,3
414,476,3
425,438,3
528,578,3
522,580,3
627,695,3
659,665,3
713,775,3
839,881,3
833,865,3
812,895,3
823,874,3
852,872,3
849,899,3
1019,1033,3
1064,1099,3
1206,1279,3
1259,1285,3
1250,1270,3
1263,1279,3
1472,1488,3
204,223,3
304,314,3
316,393,3
312,326,3
510,528,3
837,879,3
838,845,3
838,867,3
927,944,3
968,991,3
760,1002,3
758,1001,3
774,1095,3
392,773,3
376,716,3
799,1057,3
1066,1271,3
369,1236,3
343,1254,3
1504,1542,3
1977,1986,3
1961,1981,3
1960,1982,3
1907,1959,3
1910,1957,3
1910,1998,3
1981,1989,3
1914,1941,3
1914,1984,3
1966,1969,3
1929,1984,3
1987,2000,3
1906,1944,3
1950,1971,3
1938,1982,3
1976,1982,3
1957,1977,3
1934,1963,3
1972,1993,3
1939,1961,3
1903,1984,3
1902,1936,3
2101,2133,3
2159,2175,3
2166,2192,3
2117,2196,3
2104,2159,3
2248,2294,3
2277,2292,3
2220,2237,3
2282,2290,3
2226,2254,3
2218,2243,3
2239,2254,3
2259,2265,3
2219,2298,3
2447,2469,3
2450,2496,3
2430,2459,3
2571,2586,3
2547,2600,3
2503,2525,3
2565,2576,3
2528,2586,3
2528,2547,3
3128,3136,3
3117,3120,3
210,677,3
624,3146,3
276,3132,3
733,3491,3
759,3411,3
763,3411,3
4021,4049,3
4059,4063,3
290,3155,3
221,3155,3
443,2567,3
248,2586,3
610,1693,3
255,443,3
39,430,3
740,2178,3
218,3483,3
751,3151,3
247,763,3
3114,3471,3
3151,3444,3
4316,4345,3
4328,4369,3
242,256,3
337,390,3
383,390,3
357,390,3
371,387,3
435,461,3
557,595,3
525,584,3
574,585,3
680,695,3
638,677,3
677,693,3
738,770,3
770,776,3
732,748,3
713,767,3
713,769,3
735,736,3
725,784,3
756,784,3
844,852,3
827,874,3
841,881,3
870,897,3
811,839,3
813,859,3
851,895,3
986,991,3
1064,1080,3
1083,1091,3
1039,1058,3
1086,1099,3
1237,1257,3
210,234,3
211,227,3
702,776,3
711,770,3
385,701,3
354,731,3
354,758,3
703,1038,3
752,1038,3
719,1044,3
313,716,3
313,750,3
760,1045,3
786,1029,3
768,1038,3
761,1044,3
707,1001,3
1063,1269,3
1537,1544,3
1619,1637,3
1907,1963,3
1907,1929,3
1925,1952,3
1990,1992,3
1912,1943,3
1964,1965,3
1952,1984,3
1930,1962,3
1956,1988,3
1951,1995,3
1920,1961,3
1909,1943,3
1909,1969,3
1905,1925,3
1953,1978,3
1915,1923,3
1926,1931,3
1939,1958,3
1923,1969,3
1923,1949,3
1975,1977,3
2172,2184,3
2271,2291,3
2280,2283,3
2262,2271,3
2230,2232,3
2202,2252,3
2233,2265,3
2266,2293,3
2255,2263,3
2231,2289,3
2204,2213,3
2283,2299,3
2218,2274,3
2269,2286,3
2213,2224,3
2294,2298,3
2229,2258,3
2405,2436,3
2405,2437,3
2459,2496,3
2407,2413,3
2441,2462,3
2427,2478,3
2521,2565,3
2731,2753,3
3077,3089,3
3049,3089,3
3123,3149,3
3153,3170,3
3119,3170,3
3152,3157,3
3165,3175,3
3116,3199,3
294,3104,3
255,3112,3
211,615,3
248,698,3
1228,1506,3
1561,2674,3
1053,3447,3
4043,4058,3
4038,4043,3
4056,4096,3
4014,4074,3
218,673,3
602,3167,3
602,2199,3
286,649,3
655,3151,3
649,2175,3
649,3154,3
398,3076,3
244,1001,3
679,3471,3
4316,4379,3
4314,4365,3
4350,4360,3
4378,4393,3
242,276,3
231,266,3
346,384,3
537,580,3
657,695,3
682,698,3
662,663,3
625,684,3
714,796,3
714,757,3
717,800,3
756,787,3
839,878,3
833,841,3
844,872,3
878,897,3
831,897,3
843,865,3
806,872,3
1033,1086,3
1033,1088,3
1235,1259,3
1445,1449,3
215,234,3
208,230,3
320,337,3
718,782,3
802,813,3
802,831,3
916,986,3
1018,1099,3
1203,1231,3
391,1232,3
382,705,3
382,739,3
378,778,3
368,737,3
315,729,3
793,1043,3
309,773,3
313,764,3
308,799,3
308,746,3
1509,1576,3
1960,1963,3
1907,1960,3
1910,1984,3
1910,1914,3
1921,1952,3
1901,1913,3
1912,1991,3
1929,1952,3
1904,1905,3
1978,1979,3
1924,1956,3
1927,1935,3
1920,2000,3
1909,1921,3
1905,1970,3
1935,1946,3
1916,1921,3
1963,1975,3
1919,1997,3
1919,1988,3
1938,1984,3
1938,1964,3
1938,1967,3
1915,1949,3
1926,1964,3
1923,1974,3
1913,1964,3
1902,1979,3
2133,2150,3
2184,2194,3
2161,2177,3
2106,2191,3
2121,2159,3
2227,2274,3
2201,2244,3
2232,2269,3
2261,2296,3
2251,2265,3
2263,2281,3
2228,2230,3
2231,2280,3
2242,2286,3
2238,2256,3
2267,2281,3
2308,2325,3
2458,2496,3
2459,2462,3
2447,2473,3
2412,2450,3
2430,2478,3
2538,2600,3
2534,2586,3
2527,2586,3
2503,2510,3
2525,2570,3
2515,2525,3
2604,2629,3
2629,2689,3
2612,2656,3
2822,2833,3
2833,2877,3
3059,3063,3
3127,3157,3
3119,3161,3
3110,3113,3
650,3199,3
275,677,3
605,3157,3
611,3146,3
276,615,3
264,665,3
1598,2697,3
369,2608,3
1561,2667,3
739,3476,3
3904,3966,3
3908,3931,3
4041,4045,3
4043,4098,3
4033,4041,3
272,3155,3
247,2106,3
2822,3076,3
2178,3490,3
281,3421,3
746,3193,3
3193,3414,3
1053,3195,3
1023,2178,3
716,2152,3
4311,4378,3
4302,4308,3
4355,4400,3
4312,4366,3
4366,4383,3
266,294,3
223,266,3
280,283,3
303,361,3
326,357,3
352,390,3
323,373,3
515,578,3
563,595,3
606,613,3
611,665,3
632,672,3
662,667,3
689,691,3
625,688,3
714,748,3
715,745,3
723,777,3
776,796,3
702,754,3
702,744,3
753,787,3
741,748,3
767,794,3
839,850,3
812,838,3
802,895,3
917,969,3
902,970,3
1231,1293,3
1277,1288,3
1225,1259,3
1440,1449,3
1440,1491,3
403,493,3
510,537,3
508,580,3
711,777,3
838,884,3
1449,1459,3
378,750,3
747,1029,3
309,751,3
381,760,3
308,706,3
771,1072,3
362,731,3
350,1254,3
1566,1585,3
1625,1686,3
1834,1882,3
1910,1941,3
1958,1974,3
1901,1912,3
1966,1993,3
1924,1968,3
1922,1923,3
1922,1998,3
1916,1919,3
1946,1963,3
1971,1992,3
1915,2000,3
1915,1974,3
1918,1944,3
1911,1949,3
1939,1952,3
1943,1953,3
1908,1986,3
1948,1958,3
2167,2191,3
2103,2177,3
2103,2195,3
2149,2184,3
2240,2292,3
2270,2274,3
2230,2252,3
2247,2291,3
2217,2240,3
2225,2273,3
2203,2228,3
2235,2271,3
2245,2248,3
2260,2271,3
2229,2243,3
2478,2492,3
2441,2497,3
2544,2596,3
2626,2644,3
2813,2833,3
3011,3093,3
3176,3197,3
3148,3176,3
3152,3158,3
3128,3183,3
3109,3158,3
3145,3165,3
3178,3199,3
3108,3161,3
3142,3164,3
215,659,3
1066,1506,3
1503,2667,3
771,3439,3
4082,4096,3
4033,4089,3
4004,4038,3
4013,4057,3
2105,3174,3
673,3182,3
655,3114,3
443,2576,3
2573,3180,3
1300,2563,3
606,2510,3
610,2600,3
610,2573,3
610,2570,3
255,2567,3
1232,3145,3
724,3188,3
772,2183,3
246,1095,3
746,3159,3
1001,3195,3
272,3475,3
3159,3405,3
4314,4335,3
4308,4356,3
4308,4325,3
4313,4365,3
4312,4347,3
4372,4397,3
229,243,3
209,217,3
271,274,3
375,393,3
402,490,3
522,592,3
620,631,3
664,691,3
612,663,3
645,665,3
738,800,3
744,800,3
723,770,3
777,798,3
757,788,3
776,789,3
776,798,3
725,745,3
754,776,3
850,868,3
849,865,3
859,895,3
916,969,3
1040,1054,3
1052,1055,3
508,588,3
354,707,3
341,766,3
315,719,3
740,1026,3
751,1043,3
704,1002,3
766,1045,3
330,751,3
362,712,3
799,1056,3
1873,1879,3
1949,1988,3
1942,1971,3
1901,1908,3
1901,1933,3
1901,1979,3
1904,1946,3
1904,1995,3
1956,1978,3
1955,1969,3
1927,1954,3
1909,1935,3
1909,1991,3
1928,1978,3
1906,1922,3
1989,2000,3
1957,1970,3
1918,1973,3
1980,1982,3
1934,1937,3
1939,1948,3
1943,1962,3
1903,1957,3
1903,1992,3
1902,1985,3
1948,1956,3
1948,1977,3
2102,2183,3
2150,2172,3
2117,2200,3
2237,2277,3
2214,2216,3
2214,2258,3
2202,2215,3
2211,2285,3
2252,2269,3
2265,2269,3
2221,2272,3
2256,2292,3
2213,2229,3
2203,2270,3
2216,2237,3
2406,2492,3
2443,2462,3
2436,2464,3
2427,2500,3
2531,2547,3
2629,2679,3
391,416,3
416,1299,3
3101,3152,3
3107,3184,3
3125,3183,3
3142,3177,3
3142,3197,3
232,684,3
624,3109,3
670,3109,3
1269,1576,3
752,3451,3
759,3410,3
3934,3985,3
4038,4064,3
4006,4014,3
4014,4021,3
451,2571,3
610,1645,3
1645,2600,3
1645,2586,3
3122,3461,3
244,368,3
281,760,3
724,3122,3
740,3182,3
2175,3421,3
763,3198,3
4328,4356,3
4358,4369,3
4355,4370,3
4345,4379,3
4342,4378,3
135,177,3
269,275,3
256,271,3
261,268,3
361,373,3
342,359,3
429,432,3
550,592,3
554,592,3
627,680,3
606,657,3
692,698,3
667,694,3
738,794,3
744,782,3
777,784,3
780,798,3
784,794,3
753,782,3
833,850,3
827,867,3
812,874,3
813,847,3
810,851,3
802,874,3
937,986,3
1020,1086,3
1049,1054,3
1206,1245,3
1235,1273,3
208,280,3
607,684,3
622,682,3
710,780,3
1217,1299,3
703,1043,3
709,1038,3
381,733,3
381,766,3
313,752,3
395,731,3
716,1035,3
305,761,3
340,1234,3
1673,1693,3
1979,1995,3
1925,1948,3
1925,1991,3
1910,1959,3
1921,1937,3
1990,1996,3
1901,1929,3
1970,1985,3
1929,1989,3
1959,1962,3
1956,1973,3
1909,1970,3
1905,1951,3
1937,1970,3
1919,1966,3
1944,1947,3
1944,1990,3
1938,1944,3
1938,1992,3
1941,1974,3
1936,1964,3
1926,1933,3
1965,1994,3
1923,1944,3
1943,1956,3
1943,1982,3
1908,1965,3
2031,2042,3
2068,2072,3
2171,2184,3
2146,2175,3
2150,2166,3
2103,2170,3
2201,2285,3
2277,2285,3
2251,2257,3
2202,2238,3
2202,2237,3
2211,2237,3
2208,2255,3
2215,2257,3
2256,2278,3
2225,2291,3
2213,2234,3
2245,2289,3
2229,2265,3
2329,2391,3
2417,2436,3
2437,2498,3
2437,2460,3
2405,2496,3
2462,2469,3
2454,2484,3
2427,2430,3
2536,2544,3
2551,2586,3
2626,2628,3
3015,3065,3
3118,3161,3
3145,3162,3
3146,3173,3
692,3120,3
733,3477,3
4016,4080,3
272,2105,3
2186,3174,3
2175,3174,3
655,2152,3
649,2123,3
403,1232,3
391,3063,3
221,1095,3
289,3483,3
3167,3402,3
1095,3195,3
4347,4370,3
4307,4362,3
4356,4374,3
4358,4381,3
4308,4360,3
4366,4381,3
232,266,3
373,390,3
361,372,3
361,365,3
578,595,3
618,620,3
631,663,3
714,754,3
715,784,3
745,788,3
702,723,3
742,783,3
725,742,3
725,777,3
822,897,3
801,847,3
806,868,3
810,837,3
845,850,3
888,891,3
917,999,3
1213,1224,3
1352,1378,3
1359,1368,3
1424,1446,3
231,242,3
702,765,3
837,881,3
838,839,3
1015,1086,3
385,766,3
368,781,3
381,772,3
395,758,3
308,716,3
308,731,3
305,773,3
355,731,3
1542,1553,3
1925,1949,3
1912,1976,3
1912,1982,3
1929,1946,3
1904,1925,3
1978,1994,3
1927,1944,3
1922,1967,3
1968,1973,3
1905,1980,3
1937,1957,3
1969,1973,3
1946,1966,3
1963,1966,3
1944,1976,3
1938,1960,3
1945,1947,3
1915,1968,3
1918,1976,3
1911,1924,3
1933,1995,3
1923,1963,3
1923,1979,3
1908,1982,3
2153,2159,3
2191,2193,3
2132,2151,3
2128,2178,3
2248,2299,3
2232,2299,3
2233,2280,3
2255,2261,3
2239,2241,3
2239,2268,3
2249,2290,3
2417,2469,3
2462,2467,3
2412,2429,3
2514,2554,3
2521,2528,3
2565,2586,3
2644,2666,3
3175,3178,3
3186,3199,3
210,610,3
665,3145,3
1063,1507,3
733,3439,3
3930,3974,3
4004,4027,3
4045,4081,3
673,2152,3
290,673,3
609,2106,3
3122,3421,3
218,3490,3
246,716,3
1023,2153,3
247,3490,3
295,1023,3
292,3444,3
4311,4338,3
4302,4374,3
4369,4378,3
4334,4342,3
204,256,3
211,280,3
226,280,3
349,396,3
357,361,3
554,570,3
604,622,3
714,715,3
788,790,3
805,827,3
819,822,3
813,851,3
1055,1088,3
1278,1279,3
1216,1239,3
715,717,3
711,723,3
1449,1486,3
354,726,3
724,1045,3
341,704,3
719,1025,3
315,786,3
315,705,3
364,774,3
313,730,3
795,1072,3
795,1051,3
308,766,3
733,1043,3
360,734,3
330,705,3
305,737,3
334,712,3
333,1024,3
1544,1599,3
1602,1655,3
1977,1990,3
1942,1968,3
1912,1933,3
1952,1998,3
1956,1968,3
1927,1970,3
1922,1995,3
1909,1916,3
1905,1955,3
1906,1917,3
1906,1997,3
1931,1979,3
1940,1942,3
1938,1986,3
1945,1955,3
1984,1989,3
1957,1984,3
1957,1991,3
1926,1976,3
1926,1938,3
1972,1994,3
1943,1967,3
1902,1948,3
2143,2177,3
2104,2105,3
2289,2294,3
2263,2271,3
2266,2271,3
2239,2247,3
2238,2286,3
2212,2225,3
2212,2290,3
2207,2222,3
2268,2300,3
2274,2289,3
2306,2326,3
2406,2500,3
2413,2497,3
2539,2571,3
2538,2563,3
2520,2534,3
2565,2584,3
3149,3180,3
3104,3171,3
3117,3178,3
243,670,3
1228,2697,3
1287,1581,3
1056,3461,3
364,3446,3
3904,3906,3
679,3174,3
386,3192,3
684,2570,3
690,3421,3
4317,4378,3
4314,4328,3
4356,4365,3
4308,4312,3
4329,4379,3
205,242,3
211,273,3
375,384,3
405,444,3
528,542,3
521,557,3
563,570,3
557,586,3
507,592,3
665,695,3
658,682,3
624,695,3
605,660,3
720,745,3
744,798,3
777,800,3
702,720,3
775,789,3
805,874,3
874,891,3
878,899,3
819,884,3
831,833,3
811,838,3
965,991,3
947,970,3
1003,1080,3
1018,1064,3
1243,1256,3
1240,1286,3
1228,1276,3
1424,1468,3
223,299,3
711,744,3
718,732,3
837,852,3
382,707,3
382,795,3
368,747,3
724,1073,3
743,1057,3
759,1021,3
328,737,3
761,1002,3
305,731,3
792,1002,3
355,773,3
362,705,3
1569,1589,3
1501,1570,3
1562,1585,3
1503,1553,3
1979,1985,3
1925,1945,3
1910,1931,3
1910,1928,3
1981,1983,3
1921,1934,3
1914,1940,3
1901,1941,3
1966,1984,3
1987,1997,3
1927,1967,3
1927,1991,3
1937,1967,3
1935,2000,3
1928,1965,3
1906,1931,3
1919,1954,3
1944,1949,3
1940,1964,3
1915,1966,3
1926,1982,3
1939,1945,3
1943,1952,3
1913,1936,3
1903,1906,3
2101,2166,3
2159,2167,3
2280,2289,3
2224,2242,3
2220,2256,3
2256,2258,3
2267,2291,3
2254,2293,3
2246,2265,3
2308,2315,3
2417,2500,3
2452,2460,3
2425,2498,3
2429,2469,3
2546,2575,3
2654,2698,3
2641,2667,3
2610,2656,3
255,698,3
230,3173,3
264,657,3
1223,1506,3
368,3479,3
771,3461,3
3916,3978,3
2199,3155,3
611,2538,3
443,2510,3
451,2515,3
205,1645,3
248,2563,3
2546,3192,3
274,2539,3
425,2536,3
2809,3076,3
772,3198,3
760,3114,3
760,3198,3
763,2186,3
368,690,3
4335,4369,3
4350,4390,3
4302,4317,3
4328,4355,3
4343,4383,3
4327,4393,3
4355,4356,3
4312,4319,3
4345,4396,3
208,266,3
361,383,3
425,456,3
443,495,3
574,588,3
613,658,3
604,613,3
665,681,3
681,698,3
714,784,3
765,782,3
770,777,3
775,779,3
822,851,3
843,897,3
801,823,3
806,876,3
802,894,3
823,872,3
927,970,3
917,927,3
1003,1019,3
1008,1068,3
1206,1217,3
607,622,3
601,698,3
725,732,3
708,725,3
708,780,3
1205,1289,3
354,774,3
703,1045,3
734,1025,3
739,1043,3
750,1044,3
730,1002,3
730,1026,3
324,719,3
360,749,3
771,1026,3
362,727,3
362,734,3
334,758,3
763,1073,3
1961,1970,3
1949,1989,3
1907,1980,3
1942,1945,3
1910,1997,3
1910,1954,3
1910,1983,3
1914,1922,3
1990,1999,3
1987,1989,3
1930,1958,3
1927,1950,3
1920,1976,3
1916,1924,3
1919,1965,3
1944,1969,3
1938,1946,3
1945,1959,3
1945,1977,3
1915,1964,3
1911,1923,3
1980,1989,3
1936,1959,3
1934,1986,3
1908,1953,3
1902,1955,3
2123,2132,3
2194,2195,3
2174,2196,3
2128,2147,3
2112,2197,3
2253,2274,3
2253,2277,3
2209,2285,3
2228,2277,3
2217,2228,3
2217,2248,3
2252,2258,3
2206,2295,3
2264,2284,3
2213,2270,3
2213,2227,3
2249,2255,3
2437,2452,3
2410,2425,3
2469,2478,3
2429,2496,3
2514,2521,3
2522,2527,3
2947,2964,3
3164,3183,3
3173,3178,3
3145,3191,3
3142,3176,3
3120,3191,3
274,659,3
232,677,3
275,688,3
670,3117,3
698,3137,3
369,1598,3
755,3446,3
739,3447,3
696,3172,3
215,490,3
248,2522,3
299,2522,3
2505,3116,3
430,2887,3
2803,3063,3
2199,3405,3
1001,3198,3
3188,3410,3
4325,4366,3
4347,4356,3
4345,4362,3
4342,4383,3
242,293,3
261,267,3
461,476,3
432,471,3
515,584,3
515,521,3
542,586,3
518,556,3
556,595,3
523,544,3
508,542,3
613,684,3
606,627,3
692,695,3
672,691,3
660,695,3
782,787,3
715,748,3
720,800,3
713,777,3
728,769,3
728,789,3
754,777,3
848,852,3
813,838,3
810,870,3
862,878,3
944,986,3
917,960,3
1055,1085,3
1020,1085,3
1071,1088,3
1039,1097,3
1270,1285,3
1239,1299,3
1368,1393,3
231,234,3
525,595,3
723,728,3
837,847,3
1221,1224,3
721,1021,3
368,743,3
341,727,3
381,778,3
313,761,3
755,1026,3
706,1025,3
740,1007,3
786,1053,3
774,1031,3
781,1056,3
330,762,3
749,1043,3
355,707,3
355,712,3
1532,1587,3
1925,1963,3
1958,1988,3
1901,1990,3
1929,1964,3
1930,1999,3
1930,1991,3
1920,1996,3
1928,1932,3
1928,1954,3
1931,1998,3
1946,1948,3
1919,1985,3
1944,1953,3
1944,1973,3
1953,2000,3
1915,1925,3
1918,1919,3
1911,1947,3
1936,1938,3
1923,1991,3
1943,1995,3
1902,1931,3
2157,2180,3
2151,2186,3
2106,2146,3
2223,2296,3
2220,2248,3
2230,2269,3
2233,2257,3
2228,2229,3
2211,2219,3
2211,2274,3
2211,2238,3
2252,2257,3
2218,2230,3
2279,2282,3
2212,2297,3
2216,2251,3
2417,2441,3
2405,2443,3
2406,2469,3
2460,2473,3
2462,2497,3
2410,2492,3
2554,2568,3
2604,2643,3
2628,2679,3
2822,2870,3
2862,2870,3
2918,2946,3
3107,3149,3
283,660,3
333,2608,3
369,1544,3
740,3438,3
3916,3980,3
3913,3978,3
4013,4079,3
4039,4089,3
4036,4058,3
673,2175,3
673,3193,3
696,3122,3
2563,3180,3
443,3104,3
606,1300,3
274,2570,3
425,1639,3
2887,3063,3
244,3436,3
679,751,3
609,751,3
1001,3193,3
1095,3122,3
368,3182,3
4317,4342,3
4378,4386,3
4338,4386,3
4343,4368,3
4320,4398,3
4355,4397,3
318,370,3
346,390,3
528,557,3
515,574,3
542,556,3
588,597,3
536,542,3
586,592,3
613,646,3
688,695,3
714,783,3
720,765,3
736,780,3
756,777,3
827,837,3
832,839,3
934,947,3
1042,1047,3
1054,1068,3
1048,1050,3
1225,1263,3
710,717,3
718,725,3
718,723,3
382,778,3
385,706,3
378,726,3
734,1043,3
341,762,3
719,1043,3
785,1095,3
309,733,3
381,705,3
759,1002,3
795,1073,3
701,1026,3
727,1051,3
737,1051,3
772,1002,3
799,1031,3
1008,1221,3
1507,1595,3
1503,1539,3
1803,1882,3
1977,1980,3
1960,1973,3
1907,1916,3
1910,1936,3
1921,1931,3
1912,1990,3
1912,1961,3
1995,1998,3
1904,1934,3
1987,1999,3
1986,1987,3
1927,1948,3
1920,1931,3
1920,1970,3
1916,1962,3
1946,1999,3
1919,1962,3
1915,1937,3
1941,1969,3
1936,1952,3
1934,1983,3
1926,1993,3
1926,1968,3
1917,1938,3
1943,1986,3
1932,1940,3
1932,1944,3
1902,1978,3
2106,2132,3
2237,2299,3
2250,2292,3
2214,2227,3
2236,2290,3
2242,2292,3
2252,2280,3
2265,2298,3
2239,2267,3
2222,2273,3
2222,2271,3
2213,2278,3
2278,2283,3
2219,2294,3
2405,2478,3
2407,2437,3
2484,2498,3
2451,2496,3
2467,2478,3
2514,2600,3
2538,2547,3
2515,2568,3
2603,2624,3
2803,2870,3
3113,3153,3
294,3157,3
1066,1581,3
1223,1581,3
759,3405,3
4089,4096,3
4008,4096,3
4058,4073,3
1693,2545,3
2521,3180,3
2809,3063,3
2887,3076,3
2152,3490,3
281,3471,3
763,3195,3
4335,4375,3
4328,4334,3
4319,4360,3
4327,4363,3
4358,4383,3
242,283,3
214,219,3
266,296,3
209,288,3
271,293,3
256,299,3
317,353,3
303,357,3
356,373,3
335,373,3
348,390,3
348,372,3
441,444,3
528,586,3
580,595,3
575,588,3
507,563,3
604,646,3
621,664,3
638,646,3
714,720,3
783,788,3
722,742,3
812,870,3
806,870,3
810,838,3
802,852,3
802,841,3
851,862,3
888,895,3
888,897,3
1246,1254,3
1245,1270,3
1231,1255,3
1231,1243,3
1239,1292,3
1074,1263,3
927,947,3
382,766,3
368,712,3
315,701,3
315,726,3
712,1026,3
750,1045,3
758,1095,3
774,1029,3
761,1051,3
1509,1537,3
1542,1594,3
1803,1874,3
1907,1982,3
1925,1935,3
1958,1996,3
1914,1975,3
1929,1975,3
1929,1988,3
1955,1964,3
1955,1967,3
1927,1966,3
1927,1942,3
1922,1974,3
1951,1957,3
1920,1986,3
1920,1921,3
1909,1956,3
1906,1947,3
1906,1982,3
1946,1993,3
1963,1973,3
1971,1986,3
1918,1968,3
1918,1996,3
1918,1979,3
1941,1988,3
1926,1978,3
1939,1989,3
1917,1920,3
1917,1949,3
1923,2000,3
1923,1929,3
1943,1959,3
1903,1980,3
2042,2072,3
2113,2184,3
2150,2194,3
2210,2234,3
2224,2277,3
2201,2294,3
2201,2234,3
2220,2292,3
2214,2250,3
2251,2270,3
2202,2230,3
2266,2281,3
2231,2269,3
2239,2293,3
2222,2297,3
2238,2251,3
2212,2222,3
2245,2269,3
2216,2234,3
2454,2462,3
2429,2462,3
2450,2460,3
2503,2575,3
3078,3084,3
3158,3180,3
3109,3141,3
232,646,3
622,3186,3
1066,2699,3
1014,1598,3
3901,3966,3
4045,4068,3
4015,4027,3
4015,4038,3
4056,4058,3
4014,4068,3
292,641,3
255,1645,3
2178,3483,3
679,3436,3
2175,3410,3
3193,3436,3
286,1023,3
272,724,3
4304,4375,3
4328,4372,3
4313,4347,3
4366,4386,3
255,256,3
256,280,3
232,234,3
232,242,3
550,556,3
522,597,3
522,544,3
664,667,3
663,691,3
605,658,3
625,645,3
715,776,3
770,779,3
722,754,3
723,753,3
777,782,3
822,870,3
806,849,3
810,812,3
1032,1055,3
1215,1245,3
1218,1273,3
1218,1235,3
1217,1259,3
1303,1359,3
715,722,3
711,769,3
711,779,3
811,889,3
1203,1293,3
729,1031,3
746,1025,3
313,724,3
308,781,3
716,1021,3
701,1007,3
1066,1236,3
1537,1599,3
1991,1996,3
1901,1973,3
1966,1987,3
1985,1993,3
1985,1992,3
1968,1979,3
1905,1998,3
1935,1936,3
1916,1991,3
1931,1942,3
1944,1967,3
1953,1957,3
1940,1965,3
1945,1975,3
1911,1999,3
1934,1961,3
1926,1965,3
1926,1942,3
1923,1936,3
1923,1981,3
1923,1960,3
1902,1937,3
2113,2180,3
2146,2191,3
2104,2152,3
2240,2283,3
2227,2232,3
2280,2285,3
2201,2218,3
2232,2283,3
2209,2251,3
2202,2269,3
2233,2274,3
2231,2253,3
2264,2272,3
2238,2298,3
2241,2263,3
2417,2464,3
2405,2441,3
2462,2464,3
2407,2458,3
2626,2689,3
2711,2726,3
3127,3141,3
3125,3168,3
3142,3168,3
226,3109,3
276,681,3
314,1542,3
374,3444,3
374,3491,3
3901,3931,3
4082,4094,3
4043,4081,3
4068,4073,3
4028,4074,3
4038,4073,3
4004,4005,3
4027,4039,3
39,401,3
39,2803,3
2178,3477,3
281,763,3
2175,3413,3
1001,2153,3
1023,2175,3
263,763,3
295,3461,3
4314,4319,3
4302,4350,3
4338,4375,3
4359,4361,3
4356,4368,3
4343,4400,3
4320,4362,3
269,296,3
256,293,3
339,367,3
352,357,3
316,373,3
316,326,3
387,393,3
491,493,3
528,585,3
666,694,3
604,615,3
659,682,3
639,691,3
779,783,3
769,794,3
728,767,3
801,881,3
851,897,3
970,974,3
1024,1078,3
1088,1097,3
1037,1092,3
1003,1015,3
1018,1086,3
1206,1285,3
1459,1472,3
702,757,3
710,738,3
1015,1048,3
378,785,3
724,1038,3
785,1072,3
324,705,3
749,1021,3
355,781,3
355,758,3
334,726,3
707,1057,3
1525,1550,3
1977,1987,3
1991,1997,3
1960,1997,3
1942,1997,3
1921,1988,3
1912,1945,3
1988,1994,3
1962,1999,3
1904,1965,3
1922,1955,3
1935,1943,3
1916,1933,3
1906,1991,3
1950,1953,3
1947,1971,3
1947,1999,3
1940,1982,3
1915,1998,3
1911,1957,3
1911,1954,3
1934,2000,3
1926,1949,3
1933,1948,3
1933,1994,3
1903,1933,3
1902,1921,3
2159,2178,3
2139,2180,3
2133,2157,3
2138,2184,3
2147,2183,3
2210,2238,3
2261,2297,3
2220,2257,3
2251,2298,3
2230,2280,3
2202,2242,3
2211,2245,3
2211,2278,3
2238,2285,3
2234,2299,3
2203,2229,3
2235,2267,3
2410,2459,3
2410,2458,3
2430,2452,3
2473,2496,3
2473,2484,3
2473,2485,3
2571,2576,3
2528,2568,3
2604,2673,3
3015,3049,3
3146,3175,3
3120,3180,3
226,645,3
739,3477,3
1095,3493,3
3941,3955,3
3927,3934,3
4073,4096,3
4012,4079,3
4008,4045,3
4027,4043,3
244,2106,3
602,2152,3
290,602,3
293,2522,3
610,2521,3
244,3413,3
221,3414,3
724,3195,3
247,364,3
2186,3471,3
3114,3461,3
4304,4325,3
4348,4390,3
4350,4400,3
4362,4379,3
4356,4386,3
4356,4393,3
4355,4366,3
229,275,3
227,269,3
431,444,3
515,586,3
542,595,3
584,595,3
525,554,3
650,665,3
639,697,3
765,779,3
744,776,3
736,794,3
805,862,3
850,867,3
841,895,3
845,852,3
944,960,3
1055,1099,3
1206,1218,3
612,621,3
837,859,3
721,1029,3
734,1072,3
719,1053,3
743,1095,3
395,734,3
392,707,3
376,766,3
799,1001,3
1532,1599,3
1563,1585,3
1643,1646,3
1914,1936,3
1914,1918,3
1990,1993,3
1962,1976,3
1962,1973,3
1962,1981,3
1930,1945,3
1924,1931,3
1922,1928,3
1922,1937,3
1909,1913,3
1909,1931,3
1947,1962,3
1919,1963,3
1993,1999,3
1945,1958,3
1976,1989,3
1984,1988,3
1989,1993,3
1918,1980,3
1918,1995,3
1936,1949,3
1926,1977,3
1965,1975,3
1943,1960,3
1913,1947,3
1908,1943,3
1902,1916,3
2038,2079,3
2172,2177,3
2174,2177,3
2117,2139,3
2121,2128,3
2257,2278,3
2220,2283,3
2230,2292,3
2247,2271,3
2209,2275,3
2215,2231,3
2222,2254,3
2222,2223,3
2216,2218,3
2216,2228,3
2405,2473,3
2410,2454,3
2469,2484,3
2554,2573,3
2650,2679,3
2862,2877,3
3118,3153,3
3141,3162,3
3117,3149,3
3120,3186,3
646,3192,3
226,681,3
226,3146,3
276,3186,3
1598,2699,3
1542,2655,3
1506,2655,3
759,3483,3
4041,4064,3
4021,4100,3
4014,4015,3
4058,4081,3
286,3154,3
628,3151,3
628,3154,3
1300,1645,3
276,2546,3
425,2505,3
2391,2830,3
724,3198,3
751,3195,3
2183,3461,3
2183,3413,3
272,3491,3
364,2183,3
3188,3490,3
690,3402,3
4348,4381,3
4312,4372,3
4334,4393,3
280,296,3
383,393,3
327,389,3
316,375,3
550,563,3
604,692,3
685,689,3
670,682,3
658,677,3
765,775,3
722,732,3
736,784,3
805,851,3
805,847,3
859,891,3
1097,1098,3
1003,1033,3
1052,1088,3
1227,1229,3
1235,1288,3
1307,1376,3
1307,1333,3
711,741,3
710,779,3
827,894,3
709,1035,3
778,1026,3
750,1031,3
786,1007,3
731,1044,3
781,1044,3
704,1044,3
308,750,3
392,731,3
1635,1655,3
1949,1980,3
1942,1975,3
1910,1934,3
1967,1992,3
1921,1961,3
1930,1973,3
1968,1971,3
1909,1980,3
1928,1937,3
1919,1984,3
1919,1937,3
1944,1948,3
1940,1944,3
1911,1987,3
1941,1975,3
1934,1959,3
1926,1986,3
1903,1926,3
1903,1983,3
1908,1991,3
2113,2194,3
2139,2172,3
2166,2195,3
2118,2147,3
2104,2191,3
2121,2191,3
2138,2161,3
2295,2300,3
2231,2257,3
2217,2218,3
2269,2274,3
2234,2256,3
2205,2270,3
2244,2251,3
2254,2271,3
2417,2430,3
2406,2459,3
2554,2567,3
2522,2571,3
2628,2673,3
2833,2887,3
3015,3087,3
3005,3078,3
3162,3165,3
659,3109,3
243,3180,3
248,3109,3
772,3411,3
1056,3493,3
1001,3479,3
4005,4028,3
4042,4063,3
295,3174,3
673,2106,3
696,2175,3
1232,1682,3
1232,1637,3
603,760,3
772,3151,3
246,3475,3
609,1001,3
760,3188,3
2175,3402,3
263,1023,3
4304,4317,3
4314,4375,3
4363,4372,3
4319,4386,3
4345,4361,3
4365,4397,3
248,271,3
275,283,3
230,274,3
254,276,3
339,372,3
326,335,3
346,372,3
550,595,3
537,542,3
620,694,3
657,681,3
738,748,3
745,777,3
757,782,3
702,713,3
754,800,3
718,756,3
805,831,3
867,876,3
847,850,3
832,843,3
879,895,3
1032,1039,3
1033,1085,3
1259,1278,3
1270,1288,3
1235,1278,3
1234,1246,3
1289,1299,3
231,232,3
710,798,3
806,819,3
385,792,3
709,1073,3
743,1021,3
743,1045,3
793,1025,3
781,1073,3
308,734,3
305,766,3
362,726,3
1538,1599,3
1550,1570,3
1979,1997,3
1910,1985,3
1982,1983,3
1958,1982,3
1901,1960,3
1929,1985,3
1930,1995,3
1956,1990,3
1922,1932,3
1922,1941,3
1951,1984,3
1968,1976,3
1920,1973,3
1909,1940,3
1905,1957,3
1974,1975,3
1947,2000,3
1944,1986,3
1940,1945,3
1976,1986,3
1984,1991,3
1915,1992,3
1915,1962,3
1915,1961,3
1936,1991,3
1939,1940,3
1939,1985,3
1917,1976,3
1932,1959,3
1903,1975,3
1948,1993,3
2113,2171,3
2128,2197,3
2127,2184,3
2125,2132,3
2253,2280,3
2227,2238,3
2227,2248,3
2257,2275,3
2224,2228,3
2261,2300,3
2209,2280,3
2255,2281,3
2236,2264,3
2204,2246,3
2265,2285,3
2203,2242,3
2267,2287,3
2229,2245,3
2229,2240,3
2315,2328,3
2443,2452,3
2469,2485,3
2441,2459,3
2538,2573,3
2528,2565,3
2644,2679,3
2679,2698,3
2610,2679,3
3107,3146,3
3117,3175,3
3171,3180,3
229,3173,3
1598,2681,3
1269,2674,3
701,3438,3
3908,3955,3
4074,4094,3
4043,4074,3
4005,4074,3
4013,4016,3
290,2199,3
649,3167,3
1639,2536,3
1299,2877,3
244,746,3
609,740,3
2183,3477,3
272,701,3
4347,4372,3
4347,4358,3
4356,4400,3
4356,4375,3
4355,4386,3
126,130,3
216,219,3
205,256,3
352,393,3
371,375,3
518,585,3
554,556,3
554,568,3
510,568,3
615,659,3
753,788,3
775,794,3
819,895,3
801,844,3
852,879,3
1040,1094,3
1307,1362,3
208,223,3
518,528,3
621,632,3
607,680,3
837,872,3
837,839,3
354,795,3
785,1013,3
793,1021,3
726,1072,3
750,1002,3
751,1035,3
731,1031,3
392,750,3
392,703,3
366,786,3
376,774,3
749,1013,3
749,1044,3
362,749,3
1907,1976,3
1942,1953,3
1914,1947,3
1912,1993,3
1954,1964,3
1959,1978,3
1959,1996,3
1924,1955,3
1927,1940,3
1920,1988,3
1937,1975,3
1974,1989,3
1911,1932,3
1911,1995,3
1917,1992,3
1917,1999,3
1965,1977,3
1943,1988,3
1932,1946,3
1908,1995,3
2031,2075,3
2172,2198,3
2194,2198,3
2210,2237,3
2224,2231,3
2201,2243,3
2202,2275,3
2202,2265,3
2212,2236,3
2245,2251,3
2325,2334,3
2417,2450,3
2437,2447,3
2447,2462,3
2438,2469,3
2467,2497,3
2567,2595,3
2551,2570,3
2663,2668,3
2656,2666,3
2667,2668,3
2610,2650,3
3087,3089,3
3049,3087,3
461,1625,3
3118,3164,3
3109,3127,3
3165,3178,3
3117,3165,3
274,615,3
293,3109,3
248,3178,3
215,645,3
1598,2667,3
1569,2674,3
752,3447,3
4023,4081,3
290,655,3
276,2515,3
244,3421,3
289,368,3
4317,4363,3
4328,4338,3
4374,4383,3
4313,4363,3
4381,4390,3
4366,4375,3
347,387,3
356,375,3
310,340,3
521,578,3
584,592,3
765,767,3
713,736,3
819,862,3
845,884,3
944,968,3
947,968,3
1368,1388,3
1409,1472,3
204,275,3
522,528,3
607,611,3
708,723,3
1203,1298,3
747,1072,3
729,1007,3
364,786,3
309,795,3
328,781,3
328,703,3
705,1044,3
797,1072,3
786,1073,3
786,1025,3
366,773,3
334,727,3
1566,1570,3
1960,1992,3
1921,1969,3
1921,1924,3
1912,1914,3
1929,1998,3
1954,1974,3
1987,1988,3
1930,1997,3
1956,1963,3
1922,1926,3
1909,1983,3
1905,1989,3
1906,1953,3
1974,1979,3
1938,1941,3
1945,1964,3
1975,1995,3
1902,1960,3
1948,1954,3
2157,2198,3
2139,2143,3
2105,2159,3
2133,2172,3
2138,2143,3
2170,2180,3
2248,2269,3
2223,2281,3
2204,2269,3
2206,2264,3
2205,2245,3
2245,2298,3
2243,2250,3
2254,2266,3
2452,2497,3
2413,2464,3
2425,2473,3
2429,2437,3
2450,2452,3
2438,2443,3
2412,2430,3
2526,2561,3
2536,2594,3
2534,2570,3
2510,2571,3
2525,2527,3
2627,2699,3
2877,2897,3
2918,2947,3
398,1674,3
3146,3165,3
271,665,3
333,1569,3
1269,2681,3
1542,2674,3
1014,2674,3
364,3451,3
4045,4074,3
4021,4027,3
4008,4023,3
4058,4082,3
292,2105,3
649,3122,3
1300,2586,3
248,2573,3
444,3116,3
2178,3436,3
2178,3444,3
289,1053,3
751,2197,3
760,3193,3
286,3440,3
295,3477,3
690,716,3
4327,4350,3
4342,4368,3
226,283,3
294,296,3
365,387,3
430,444,3
518,563,3
554,584,3
557,597,3
627,660,3
715,736,3
787,798,3
722,779,3
722,765,3
723,742,3
723,794,3
839,889,3
833,848,3
833,872,3
848,874,3
819,851,3
801,859,3
801,827,3
802,843,3
851,894,3
970,999,3
1011,1055,3
1037,1081,3
1278,1292,3
1216,1237,3
1216,1285,3
507,523,3
721,1051,3
341,737,3
315,706,3
793,1051,3
773,1073,3
309,762,3
755,1035,3
786,1013,3
395,743,3
733,1044,3
305,740,3
737,1025,3
799,1038,3
317,1211,3
350,1234,3
1550,1585,3
1925,1965,3
1921,1975,3
1921,1966,3
1964,1988,3
1930,1980,3
1968,1970,3
1937,1943,3
1916,1942,3
1950,1975,3
1946,1949,3
1946,1977,3
1974,1990,3
1919,1927,3
1915,1940,3
1941,1992,3
1941,1995,3
1936,1998,3
1939,1950,3
1965,1981,3
1902,1913,3
1948,1983,3
2068,2075,3
2113,2174,3
2150,2171,3
2118,2123,3
2156,2166,3
2170,2192,3
2271,2297,3
2277,2299,3
2250,2274,3
2261,2282,3
2230,2277,3
2209,2210,3
2215,2294,3
2206,2223,3
2239,2300,3
2222,2263,3
2212,2254,3
2249,2268,3
2254,2295,3
2306,2315,3
2447,2450,3
2454,2498,3
2429,2498,3
2427,2437,3
2464,2473,3
2467,2496,3
2503,2573,3
2554,2570,3
3059,3077,3
3101,3141,3
3104,3116,3
3117,3127,3
3108,3177,3
294,3109,3
294,3112,3
688,3169,3
333,1561,3
369,1503,3
763,3493,3
4012,4057,3
4056,4093,3
295,602,3
289,602,3
2123,3159,3
244,641,3
286,3155,3
655,2123,3
610,2586,3
275,2521,3
275,1645,3
1637,2536,3
281,3436,3
724,2175,3
772,3193,3
246,3414,3
364,3182,3
763,2153,3
763,3114,3
4317,4325,3
4325,4360,3
4360,4381,3
4304,4350,3
4314,4370,3
4302,4358,3
4327,4328,3
4313,4390,3
4372,4378,3
215,271,3
528,556,3
523,557,3
658,660,3
782,790,3
745,756,3
722,745,3
717,794,3
754,770,3
805,822,3
827,884,3
819,899,3
831,868,3
810,841,3
804,838,3
859,872,3
937,974,3
917,937,3
1009,1037,3
1010,1075,3
1216,1292,3
1255,1298,3
508,586,3
702,794,3
718,790,3
1228,1229,3
382,749,3
729,1038,3
709,1021,3
341,773,3
315,707,3
778,1035,3
791,1007,3
773,1038,3
381,701,3
381,706,3
760,1035,3
740,1025,3
376,747,3
330,739,3
1503,1509,3
1961,1975,3
1901,1946,3
1962,1989,3
1904,1970,3
1951,1972,3
1968,1977,3
1909,1971,3
1905,1921,3
1906,1934,3
1906,1969,3
1931,1968,3
1944,1950,3
1940,1960,3
1915,1935,3
1911,1962,3
1972,1981,3
1939,1947,3
1965,1987,3
1923,1992,3
1923,1982,3
1913,1921,3
1908,1966,3
1975,1979,3
2176,2198,3
2132,2152,3
2117,2177,3
2106,2112,3
2276,2288,3
2217,2253,3
2242,2274,3
2215,2245,3
2215,2228,3
2206,2247,3
2205,2216,3
2241,2290,3
2243,2299,3
2272,2284,3
2254,2288,3
2229,2294,3
2335,2378,3
2406,2454,3
2452,2484,3
2404,2498,3
2473,2500,3
2503,2539,3
2515,2545,3
2643,2679,3
3024,3071,3
3015,3041,3
3059,3084,3
3148,3168,3
3112,3127,3
3132,3171,3
299,3199,3
1581,2674,3
1587,2655,3
3955,3989,3
4074,4082,3
4028,4033,3
4006,4056,3
4008,4089,3
4010,4057,3
4064,4089,3
2178,3134,3
247,3154,3
641,3114,3
290,628,3
451,3192,3
1300,1693,3
1300,2510,3
299,2567,3
606,2563,3
255,490,3
1625,2822,3
1625,2809,3
244,701,3
3167,3491,3
1001,2186,3
4360,4372,3
4304,4372,3
4327,4381,3
229,266,3
223,256,3
223,269,3
210,296,3
210,273,3
353,396,3
339,348,3
359,370,3
322,359,3
515,518,3
537,557,3
613,698,3
604,611,3
604,698,3
605,638,3
738,787,3
783,789,3
720,767,3
736,769,3
718,744,3
872,891,3
827,872,3
841,897,3
867,874,3
870,895,3
811,849,3
813,899,3
879,884,3
917,970,3
1071,1090,3
1018,1071,3
1257,1263,3
1333,1352,3
1388,1393,3
1409,1491,3
215,283,3
304,321,3
342,400,3
622,627,3
710,777,3
708,784,3
382,781,3
354,773,3
703,1031,3
341,726,3
778,1053,3
313,706,3
731,1035,3
1538,1542,3
1501,1508,3
1834,1859,3
1982,1984,3
1914,1966,3
1901,1995,3
1901,1966,3
1924,1948,3
1951,1959,3
1968,1987,3
1909,1946,3
1906,1942,3
1931,1941,3
1992,1996,3
1946,1960,3
1953,1958,3
1915,1965,3
1918,1943,3
1917,1960,3
1923,1931,3
1913,1925,3
1932,1968,3
1903,1959,3
1903,1970,3
1902,1930,3
1948,1988,3
2191,2199,3
2178,2191,3
2121,2183,3
2240,2246,3
2210,2283,3
2250,2280,3
2214,2219,3
2211,2229,3
2208,2296,3
2226,2261,3
2204,2274,3
2212,2226,3
2205,2283,3
2207,2300,3
2406,2452,3
2458,2492,3
2452,2467,3
2410,2436,3
2534,2565,3
2551,2600,3
2603,2673,3
2840,2862,3
2862,2868,3
3176,3189,3
3101,3184,3
3158,3186,3
3110,3189,3
3117,3132,3
659,3178,3
692,3173,3
1576,2655,3
733,3476,3
3904,3908,3
3916,3941,3
4041,4081,3
4074,4100,3
4038,4056,3
4038,4094,3
4021,4082,3
4027,4081,3
4039,4073,3
4064,4068,3
2123,3122,3
609,2123,3
221,3174,3
386,2551,3
293,2573,3
471,1639,3
398,2887,3
1299,3076,3
603,751,3
218,701,3
1023,3188,3
247,3421,3
4363,4369,3
4302,4390,3
130,141,3
269,271,3
243,273,3
231,293,3
356,383,3
390,393,3
375,383,3
537,595,3
613,624,3
652,663,3
601,604,3
714,756,3
715,794,3
770,796,3
713,756,3
713,714,3
780,794,3
742,776,3
735,770,3
754,796,3
827,848,3
876,879,3
870,899,3
801,831,3
813,894,3
960,999,3
1216,1218,3
1237,1250,3
1307,1393,3
1446,1449,3
342,396,3
710,775,3
806,837,3
378,786,3
719,1051,3
315,703,3
791,1038,3
739,1035,3
768,1025,3
308,761,3
392,712,3
334,743,3
707,1072,3
764,1002,3
1961,1996,3
1949,1975,3
1949,1961,3
1925,1933,3
1925,1973,3
1910,1942,3
1912,1921,3
1966,1999,3
1954,1957,3
1924,1951,3
1916,1917,3
1916,1945,3
1916,1983,3
1950,1998,3
1944,1996,3
1953,1969,3
1953,1964,3
1938,1997,3
1911,1940,3
1911,1985,3
1972,1996,3
1917,1969,3
1923,1973,3
1943,1969,3
1932,1981,3
1948,1994,3
2108,2194,3
2240,2244,3
2224,2289,3
2224,2237,3
2209,2246,3
2202,2218,3
2255,2287,3
2211,2277,3
2208,2225,3
2225,2255,3
2234,2246,3
2234,2298,3
2249,2271,3
2219,2234,3
2260,2272,3
2406,2437,3
2410,2452,3
2427,2454,3
2526,2594,3
2568,2571,3
2510,2547,3
2570,2584,3
3015,3084,3
3063,3089,3
398,1656,3
3118,3189,3
3123,3191,3
3107,3116,3
3109,3173,3
3105,3125,3
692,3116,3
1569,2699,3
760,3447,3
771,3446,3
1001,3447,3
4013,4020,3
246,2105,3
263,641,3
655,3188,3
628,2152,3
386,2571,3
444,2505,3
603,3477,3
281,3402,3
740,3193,3
609,3490,3
1095,2178,3
4335,4360,3
4361,4362,3
4313,4343,3
4334,4366,3
4366,4369,3
201,203,3
227,232,3
345,398,3
323,375,3
580,584,3
544,550,3
542,578,3
563,586,3
554,575,3
557,575,3
620,648,3
620,666,3
639,648,3
688,692,3
632,664,3
714,717,3
723,776,3
742,777,3
784,798,3
725,748,3
801,810,3
813,837,3
845,865,3
832,889,3
1032,1052,3
1003,1090,3
1257,1279,3
1229,1230,3
1409,1468,3
215,223,3
718,783,3
802,832,3
902,926,3
1239,1240,3
374,726,3
724,1043,3
703,1013,3
709,1025,3
341,729,3
778,1056,3
793,1072,3
328,729,3
313,727,3
313,791,3
758,1026,3
704,1021,3
330,724,3
305,785,3
1538,1595,3
1507,1598,3
1532,1537,3
1501,1558,3
1803,1859,3
1977,1989,3
1991,1994,3
1960,1980,3
1907,1954,3
1907,1912,3
1967,1980,3
1912,1983,3
1962,1994,3
1954,1999,3
1927,1975,3
1927,1981,3
1909,1995,3
1905,1944,3
1937,1961,3
1935,1989,3
1928,1952,3
1931,1971,3
1953,1968,3
1953,1959,3
1971,1977,3
1940,1961,3
1938,1968,3
1938,1952,3
1989,1997,3
1915,1933,3
1933,1964,3
1913,1967,3
1908,1964,3
1908,1958,3
2195,2200,3
2146,2167,3
2139,2184,3
2132,2197,3
2103,2143,3
2104,2197,3
2147,2191,3
2253,2256,3
2214,2265,3
2228,2232,3
2215,2298,3
2221,2260,3
2221,2225,3
2207,2235,3
2235,2273,3
2241,2293,3
2254,2255,3
2246,2257,3
2443,2458,3
2407,2460,3
2429,2454,3
2438,2450,3
2527,2563,3
2510,2538,3
2643,2685,3
2641,2674,3
3175,3184,3
3107,3127,3
3107,3175,3
3107,3137,3
3128,3189,3
3184,3199,3
3109,3191,3
646,3123,3
684,3178,3
658,3180,3
283,665,3
369,2697,3
3904,3980,3
4041,4058,3
4023,4093,3
4043,4068,3
4059,4099,3
4014,4038,3
4016,4079,3
4036,4056,3
295,641,3
2106,3167,3
650,1645,3
2877,3076,3
244,3402,3
3195,3477,3
1023,3159,3
272,751,3
364,2153,3
4311,4327,3
4314,4363,3
4374,4400,3
141,195,3
243,264,3
243,269,3
210,256,3
261,288,3
234,271,3
316,372,3
348,383,3
405,425,3
528,584,3
525,557,3
639,672,3
745,754,3
839,841,3
865,879,3
819,837,3
831,852,3
801,841,3
847,848,3
810,832,3
804,810,3
804,848,3
832,844,3
1011,1064,3
1048,1090,3
1015,1052,3
1277,1299,3
1273,1285,3
223,294,3
227,229,3
708,738,3
810,891,3
385,733,3
385,759,3
374,737,3
724,1035,3
785,1057,3
706,1026,3
758,1057,3
360,774,3
330,791,3
334,773,3
1504,1538,3
1961,1967,3
1960,1985,3
1907,1940,3
1910,1948,3
1910,1953,3
1914,1997,3
1914,1955,3
1929,1976,3
1959,1988,3
1986,1988,3
1924,1998,3
1955,1962,3
1968,1982,3
1916,1954,3
1906,1926,3
1950,1993,3
1919,1953,3
1919,1924,3
1953,1979,3
1971,1996,3
1971,1998,3
1915,1957,3
1911,1938,3
1933,2000,3
1965,1984,3
1913,1923,3
1913,1929,3
1908,1927,3
1908,1967,3
1908,1942,3
1902,1920,3
2101,2164,3
2157,2200,3
2113,2164,3
2113,2176,3
2174,2184,3
2103,2117,3
2161,2195,3
2170,2195,3
2237,2256,3
2223,2235,3
2261,2295,3
2220,2233,3
2209,2265,3
2282,2287,3
2282,2296,3
2252,2283,3
2218,2233,3
2205,2238,3
2207,2208,3
2272,2300,3
2254,2272,3
2405,2407,3
2447,2484,3
2462,2485,3
2429,2464,3
2547,2584,3
2534,2545,3
2712,2770,3
3137,3141,3
3107,3123,3
755,3440,3
733,3411,3
733,3440,3
1056,3402,3
374,3477,3
3901,3989,3
4041,4100,3
4038,4039,3
4015,4082,3
4057,4099,3
4036,4093,3
246,3155,3
299,2573,3
606,2570,3
293,2570,3
610,2563,3
2152,3413,3
772,3122,3
740,3195,3
218,740,3
760,2178,3
716,3159,3
690,3477,3
2153,3421,3
4335,4383,3
4368,4369,3
4320,4324,3
4313,4325,3
203,228,3
228,239,3
229,274,3
230,296,3
345,391,3
347,365,3
373,384,3
352,373,3
459,476,3
536,563,3
658,692,3
715,744,3
770,789,3
713,715,3
776,794,3
717,757,3
717,779,3
735,738,3
775,783,3
718,769,3
872,888,3
806,874,3
810,844,3
879,881,3
1022,1067,3
1213,1254,3
1270,1299,3
1236,1276,3
1355,1376,3
320,326,3
507,518,3
378,701,3
364,729,3
328,774,3
334,731,3
1066,1212,3
1539,1561,3
1977,1984,3
1979,1986,3
1979,1988,3
1949,1955,3
1907,1917,3
1983,1986,3
1983,1996,3
1901,1942,3
1954,1955,3
1927,1952,3
1951,1967,3
1920,1927,3
1916,1943,3
1916,1965,3
1916,1936,3
1950,1986,3
1944,1968,3
1926,1971,3
1972,1990,3
1917,1958,3
1917,1979,3
1913,1959,3
1932,1951,3
2195,2196,3
2280,2294,3
2224,2230,3
2201,2257,3
2250,2270,3
2230,2233,3
2217,2265,3
2226,2239,3
2239,2263,3
2213,2246,3
2234,2270,3
2205,2213,3
2272,2276,3
2229,2286,3
2447,2458,3
2531,2565,3
2603,2604,3
3101,3116,3
3101,3107,3
3169,3191,3
3113,3168,3
243,646,3
255,659,3
275,658,3
1569,2667,3
1223,2699,3
1544,2608,3
755,3479,3
759,3436,3
4023,4074,3
4021,4038,3
4089,4094,3
2570,3123,3
443,606,3
281,3477,3
3182,3475,3
221,716,3
221,3475,3
289,1023,3
3114,3444,3
1095,3198,3
4311,4348,3
4325,4347,3
4304,4342,3
303,320,3
307,347,3
507,544,3
604,680,3
606,607,3
663,689,3
787,800,3
723,738,3
713,776,3
717,782,3
753,775,3
708,756,3
805,894,3
833,870,3
827,888,3
841,850,3
801,822,3
832,872,3
937,968,3
1017,1082,3
1068,1075,3
1014,1047,3
1206,1263,3
1250,1257,3
212,227,3
522,523,3
713,784,3
708,732,3
811,884,3
354,750,3
354,703,3
354,721,3
747,1057,3
734,1035,3
341,791,3
778,1072,3
743,1056,3
746,1035,3
795,1035,3
731,1001,3
360,727,3
305,733,3
727,1013,3
1539,1599,3
1563,1596,3
1977,1999,3
1907,1908,3
1907,1968,3
1970,1999,3
1959,1989,3
1956,1970,3
1909,1924,3
1905,1987,3
1906,1981,3
1971,1994,3
1940,1948,3
1938,1976,3
1918,1952,3
1918,1921,3
1911,1943,3
1911,1917,3
1980,1983,3
1917,1961,3
1923,1953,3
1975,1992,3
1902,1915,3
2105,2193,3
2253,2259,3
2253,2285,3
2210,2259,3
2202,2274,3
2233,2250,3
2242,2258,3
2205,2285,3
2205,2292,3
2244,2285,3
2260,2288,3
2229,2230,3
2246,2286,3
2303,2326,3
2407,2492,3
2565,2568,3
2627,2682,3
2624,2648,3
2946,2947,3
3015,3078,3
3101,3120,3
3149,3175,3
3119,3128,3
3141,3192,3
3110,3176,3
3135,3148,3
3112,3146,3
3108,3148,3
659,3186,3
615,3123,3
657,3173,3
204,692,3
698,3180,3
212,681,3
1598,2655,3
314,2699,3
314,2667,3
1014,1561,3
1042,2682,3
3924,3989,3
3927,3985,3
4005,4073,3
4028,4058,3
4026,4033,3
272,655,3
609,3134,3
696,3114,3
248,2560,3
425,1232,3
603,3436,3
3167,3414,3
286,724,3
263,740,3
2186,3421,3
1095,2153,3
690,3436,3
4317,4319,3
4316,4359,3
4347,4386,3
4302,4319,3
4338,4368,3
4338,4393,3
4313,4314,3
4334,4358,3
39,52,3
326,347,3
444,491,3
521,550,3
585,595,3
646,665,3
744,757,3
717,754,3
735,777,3
754,789,3
874,894,3
876,895,3
819,850,3
801,874,3
811,831,3
810,831,3
845,848,3
879,894,3
859,884,3
1061,1075,3
1232,1240,3
1235,1237,3
1446,1468,3
718,738,3
802,806,3
719,1007,3
785,1053,3
778,1051,3
791,1035,3
309,719,3
726,1095,3
313,778,3
706,1035,3
395,729,3
704,1007,3
766,1072,3
330,764,3
1942,1974,3
1925,1941,3
1925,1960,3
1910,1975,3
1967,1978,3
1981,1995,3
1921,1951,3
1912,1940,3
1912,1996,3
1964,1977,3
1970,1982,3
1954,1982,3
1956,1998,3
1905,1963,3
1937,1996,3
1937,1949,3
1916,1928,3
1963,1967,3
1919,1983,3
1944,1974,3
1953,1986,3
1989,1995,3
1936,1956,3
1933,1965,3
1933,1992,3
1917,1997,3
1923,1993,3
1908,1940,3
2157,2194,3
2123,2159,3
2103,2156,3
2103,2150,3
2210,2215,3
2210,2214,3
2237,2270,3
2250,2258,3
2220,2299,3
2214,2246,3
2226,2273,3
2221,2281,3
2203,2248,3
2260,2296,3
2260,2266,3
2308,2326,3
2478,2500,3
2485,2492,3
2407,2425,3
2436,2469,3
2430,2469,3
2534,2576,3
2604,2610,3
2918,2964,3
3015,3021,3
3123,3184,3
3128,3148,3
3109,3199,3
688,3104,3
229,692,3
212,3132,3
1066,2674,3
1247,1506,3
759,3476,3
1095,3463,3
4026,4100,3
4026,4074,3
4026,4041,3
4013,4042,3
4013,4099,3
4027,4096,3
4058,4074,3
4036,4049,3
263,3174,3
628,3134,3
215,2521,3
293,2568,3
1693,2539,3
212,2538,3
2178,3421,3
218,1001,3
364,3198,3
3114,3475,3
4325,4343,3
4307,4359,3
4342,4348,3
203,284,3
216,217,3
230,273,3
323,365,3
515,554,3
510,570,3
622,660,3
625,659,3
770,794,3
779,790,3
723,767,3
728,787,3
708,748,3
965,969,3
1034,1087,3
1208,1264,3
227,230,3
605,615,3
713,800,3
702,779,3
374,747,3
341,785,3
315,704,3
364,793,3
746,1051,3
309,793,3
381,726,3
712,1013,3
795,1029,3
360,737,3
376,707,3
305,762,3
305,721,3
1537,1539,3
1532,1569,3
1949,1992,3
1907,1992,3
1983,1994,3
1942,1983,3
1942,1998,3
1981,1992,3
1958,1981,3
1966,1995,3
1904,1979,3
1954,1988,3
1930,1989,3
1927,1976,3
1909,1925,3
1905,1927,3
1937,1939,3
1937,1944,3
1916,1944,3
1906,1924,3
1906,1977,3
1931,1936,3
1946,1970,3
1974,1983,3
1919,1955,3
1944,1980,3
1940,1950,3
1940,1967,3
1938,1989,3
1936,1971,3
1972,1991,3
1933,1987,3
1917,1978,3
1917,1956,3
1932,2000,3
2171,2174,3
2198,2200,3
2108,2180,3
2133,2171,3
2240,2252,3
2224,2258,3
2224,2250,3
2273,2296,3
2248,2251,3
2223,2288,3
2276,2284,3
2217,2219,3
2204,2245,3
2252,2299,3
2225,2271,3
2222,2262,3
2213,2232,3
2205,2220,3
2207,2287,3
2259,2283,3
2246,2251,3
2450,2497,3
2404,2492,3
2803,2840,3
3015,3071,3
3015,3063,3
3101,3158,3
3107,3158,3
3162,3186,3
3105,3170,3
243,3186,3
294,622,3
601,3117,3
212,3112,3
1228,2667,3
1269,2667,3
1561,2608,3
1587,2674,3
314,2655,3
772,3451,3
3974,3980,3
4043,4094,3
290,3195,3
443,2539,3
386,2546,3
386,2503,3
1693,3123,3
603,3471,3
3122,3477,3
289,1095,3
1053,3122,3
716,3122,3
292,3483,3
4335,4378,3
4302,4304,3
4308,4335,3
4342,4372,3
208,256,3
570,588,3
684,692,3
606,695,3
688,698,3
612,648,3
714,798,3
744,784,3
757,767,3
753,756,3
725,741,3
725,779,3
844,888,3
876,899,3
1033,1071,3
1277,1286,3
508,510,3
702,798,3
802,822,3
385,727,3
729,1073,3
364,727,3
726,1007,3
313,793,3
740,1072,3
731,1013,3
730,1035,3
733,1045,3
761,1043,3
376,704,3
362,781,3
314,1092,3
1553,1587,3
1645,1692,3
1949,1960,3
1907,1947,3
1942,1944,3
1964,1980,3
1929,1995,3
1930,1975,3
1930,1965,3
1930,1969,3
1922,1934,3
1946,1985,3
1974,1978,3
1944,1985,3
1953,1988,3
1915,1985,3
1918,1955,3
1911,1935,3
1941,1994,3
1934,1995,3
1917,1919,3
1908,1930,3
2062,2079,3
2146,2186,3
2138,2172,3
2271,2282,3
2223,2226,3
2261,2262,3
2270,2283,3
2247,2262,3
2209,2259,3
2202,2289,3
2231,2294,3
2231,2242,3
2217,2230,3
2221,2293,3
2206,2235,3
2239,2271,3
2222,2249,3
2249,2266,3
2274,2292,3
2219,2246,3
2272,2288,3
2260,2300,3
2216,2265,3
2254,2291,3
2405,2452,3
2406,2485,3
2404,2451,3
2430,2438,3
2576,2584,3
2546,2568,3
3024,3089,3
3046,3078,3
3137,3152,3
3158,3173,3
3145,3192,3
266,615,3
682,3173,3
226,601,3
299,615,3
605,3180,3
276,601,3
276,3178,3
229,625,3
314,2681,3
4004,4041,3
4045,4049,3
4036,4094,3
690,2123,3
602,3154,3
286,2123,3
2576,3104,3
205,2573,3
1645,2521,3
391,2391,3
2199,3483,3
246,3490,3
746,2183,3
716,2186,3
364,2199,3
4319,4375,3
4329,4345,3
4366,4400,3
172,177,3
214,220,3
243,266,3
347,356,3
357,373,3
401,444,3
575,584,3
518,575,3
557,563,3
648,691,3
611,695,3
776,782,3
717,780,3
725,780,3
756,780,3
754,765,3
805,843,3
805,897,3
844,879,3
848,888,3
867,895,3
831,899,3
812,832,3
832,876,3
849,862,3
1263,1286,3
1352,1356,3
1062,1220,3
708,736,3
1020,1033,3
385,749,3
385,729,3
378,791,3
374,731,3
785,1056,3
773,1035,3
786,1038,3
395,749,3
308,751,3
308,721,3
366,795,3
343,1234,3
1014,1236,3
1977,1978,3
1961,1998,3
1960,1978,3
1925,1937,3
1925,1999,3
1901,1997,3
1901,1906,3
1929,1945,3
1956,1994,3
1924,1959,3
1924,1942,3
1955,1980,3
1909,1977,3
1937,1992,3
1937,1973,3
1935,1986,3
1906,1966,3
1953,1985,3
1953,1962,3
1957,1995,3
1911,1941,3
1911,1963,3
1926,1954,3
1933,1998,3
2152,2191,3
2151,2167,3
2118,2183,3
2121,2152,3
2227,2270,3
2210,2253,3
2214,2275,3
2209,2237,3
2233,2245,3
2236,2241,3
2285,2286,3
2290,2296,3
2218,2248,3
2234,2250,3
2244,2253,3
2249,2254,3
2274,2286,3
2260,2267,3
2406,2441,3
2413,2437,3
2441,2452,3
2427,2496,3
2438,2498,3
2534,2595,3
2610,2628,3
2610,2673,3
2711,2770,3
3024,3075,3
3015,3076,3
3158,3171,3
3112,3165,3
3113,3164,3
232,659,3
248,677,3
248,645,3
772,3493,3
374,3413,3
374,3405,3
3901,3914,3
3901,3978,3
3906,3940,3
4049,4058,3
4016,4059,3
295,2123,3
272,3174,3
641,2175,3
2576,3123,3
2522,3180,3
244,1023,3
2199,3490,3
609,701,3
286,740,3
263,3444,3
295,3471,3
295,368,3
3159,3440,3
1095,3114,3
1095,2186,3
4338,4342,3
4324,4361,3
4312,4355,3
273,296,3
248,280,3
219,267,3
337,361,3
337,346,3
320,346,3
322,349,3
528,592,3
518,554,3
681,695,3
638,645,3
607,650,3
622,657,3
722,776,3
702,722,3
811,852,3
806,847,3
832,851,3
832,899,3
879,897,3
859,868,3
1030,1068,3
1206,1237,3
1216,1270,3
1230,1247,3
1225,1286,3
1235,1257,3
425,491,3
607,624,3
622,625,3
713,787,3
382,763,3
721,1035,3
729,1072,3
724,1026,3
734,1007,3
315,724,3
743,1051,3
704,1045,3
308,774,3
308,743,3
366,703,3
360,707,3
360,719,3
1022,1211,3
1506,1509,3
1949,1957,3
1962,1987,3
1904,1973,3
1924,1941,3
1985,1999,3
1922,1960,3
1931,1940,3
1992,1994,3
1969,1998,3
1946,1984,3
1947,1960,3
1957,1973,3
1980,1986,3
1934,1999,3
1933,1944,3
1943,1951,3
1908,1956,3
1902,1918,3
2150,2157,3
2105,2146,3
2166,2174,3
2125,2153,3
2214,2238,3
2270,2286,3
2231,2246,3
2252,2256,3
2258,2294,3
2207,2291,3
2268,2282,3
2245,2299,3
2243,2277,3
2219,2259,3
2272,2287,3
2464,2498,3
2534,2567,3
2627,2667,3
2608,2682,3
2629,2650,3
2612,2624,3
461,1299,3
3110,3118,3
3173,3180,3
3142,3148,3
232,624,3
1269,1561,3
1247,2681,3
740,3451,3
755,3491,3
3904,3913,3
3930,3931,3
3909,3927,3
3924,3974,3
4074,4089,3
4005,4056,3
4004,4045,3
4014,4026,3
295,655,3
244,655,3
290,3134,3
696,3198,3
696,3174,3
611,2515,3
299,2563,3
1682,3145,3
391,2822,3
1662,2877,3
244,364,3
679,1001,3
679,701,3
2186,3475,3
3114,3413,3
4347,4375,3
4324,4396,3
4381,4386,3
239,261,3
356,393,3
352,384,3
310,400,3
544,592,3
536,595,3
578,580,3
621,685,3
615,682,3
738,780,3
742,769,3
741,765,3
711,715,3
848,884,3
850,872,3
819,889,3
810,813,3
810,819,3
823,865,3
849,872,3
965,986,3
1049,1075,3
1205,1248,3
1215,1263,3
1235,1292,3
508,597,3
725,800,3
711,748,3
711,765,3
382,734,3
354,785,3
709,1051,3
752,1021,3
734,1057,3
791,1045,3
759,1035,3
308,785,3
1544,1553,3
1961,1964,3
1998,1999,3
1949,1983,3
1942,1976,3
1942,1946,3
1942,1986,3
1921,1939,3
1921,1954,3
1914,1968,3
1914,1956,3
1901,1999,3
1901,1982,3
1912,1970,3
1929,1994,3
1904,1912,3
1959,1961,3
1952,1975,3
1987,1995,3
1956,1980,3
1924,1957,3
1920,1948,3
1938,1958,3
1957,1965,3
1941,1955,3
1934,1947,3
1926,1937,3
1933,1939,3
1917,1998,3
1903,1930,3
2103,2192,3
2112,2175,3
2227,2228,3
2230,2256,3
2228,2253,3
2231,2285,3
2211,2213,3
2265,2289,3
2215,2275,3
2269,2283,3
2238,2269,3
2238,2253,3
2203,2285,3
2216,2298,3
2254,2281,3
2429,2438,3
2545,2584,3
2522,2551,3
2613,2668,3
2813,2868,3
3137,3146,3
3177,3183,3
3110,3128,3
3108,3135,3
248,680,3
229,638,3
212,698,3
724,3446,3
4021,4045,3
2123,3172,3
2152,3134,3
244,2105,3
602,3195,3
696,2178,3
696,2197,3
650,2560,3
1232,1639,3
39,1625,3
724,2197,3
701,3167,3
751,3159,3
609,772,3
746,2186,3
295,3436,3
690,3405,3
4325,4365,3
4393,4400,3
4302,4378,3
4368,4375,3
4334,4400,3
273,294,3
310,342,3
342,350,3
312,357,3
508,563,3
659,695,3
621,648,3
601,645,3
715,780,3
715,765,3
720,722,3
769,800,3
728,753,3
756,794,3
831,848,3
870,881,3
811,823,3
926,960,3
969,974,3
1058,1085,3
1030,1049,3
1052,1099,3
1218,1239,3
1218,1263,3
1218,1259,3
1239,1270,3
322,400,3
710,741,3
708,776,3
385,737,3
341,760,3
773,1072,3
313,734,3
705,1025,3
750,1021,3
750,1001,3
704,1025,3
730,1025,3
324,747,3
727,1043,3
334,799,3
707,1095,3
1538,1561,3
1581,1599,3
1507,1509,3
1803,1834,3
1907,1967,3
1910,1989,3
1967,1979,3
1901,1939,3
1988,1996,3
1970,1984,3
1952,1980,3
1952,1967,3
1930,1940,3
1956,1961,3
1924,1977,3
1920,1949,3
1909,1979,3
1905,1909,3
1937,1959,3
1916,1993,3
1906,1965,3
1969,2000,3
1974,1995,3
1938,1988,3
1915,1932,3
1915,1973,3
1918,1923,3
1918,1922,3
1918,1985,3
1941,1953,3
1934,1936,3
1933,1957,3
1932,1934,3
1908,1987,3
1902,1927,3
1948,1971,3
2195,2198,3
2102,2178,3
2118,2167,3
2104,2146,3
2125,2197,3
2138,2196,3
2201,2213,3
2223,2291,3
2261,2290,3
2221,2284,3
2212,2264,3
2212,2296,3
2205,2289,3
2437,2485,3
2413,2425,3
2407,2452,3
2464,2467,3
2545,2575,3
2534,2563,3
2531,2538,3
2551,2563,3
2560,2595,3
2608,2641,3
3153,3176,3
3149,3192,3
232,606,3
670,3199,3
680,3180,3
677,3192,3
724,3438,3
701,3447,3
739,3471,3
763,3446,3
3913,3955,3
4004,4026,3
289,2106,3
289,673,3
2183,3172,3
443,2570,3
205,2570,3
2178,3440,3
2152,3444,3
2199,3421,3
701,3159,3
286,3436,3
272,3444,3
4311,4343,3
4338,4360,3
4369,4370,3
242,248,3
205,230,3
210,269,3
232,264,3
384,387,3
528,550,3
510,575,3
620,639,3
613,695,3
659,693,3
618,689,3
738,753,3
715,741,3
732,794,3
745,779,3
735,742,3
753,765,3
775,787,3
718,753,3
848,895,3
874,881,3
801,813,3
806,899,3
849,859,3
1032,1086,3
1003,1088,3
1049,1094,3
1257,1273,3
1243,1255,3
1237,1285,3
403,429,3
510,515,3
711,745,3
804,878,3
837,841,3
724,1007,3
773,1045,3
705,1026,3
758,1038,3
774,1025,3
1949,1982,3
1960,1994,3
1960,1981,3
1914,1946,3
1987,1998,3
1978,2000,3
1924,1985,3
1922,1978,3
1920,1938,3
1928,1987,3
1906,1972,3
1906,1911,3
1919,1936,3
1918,1954,3
1911,1988,3
1941,1981,3
1933,1966,3
1939,1980,3
1939,1957,3
1939,1949,3
1902,1943,3
2101,2172,3
2125,2183,3
2125,2193,3
2227,2294,3
2257,2283,3
2237,2265,3
2237,2292,3
2232,2245,3
2276,2290,3
2214,2228,3
2230,2259,3
2209,2240,3
2202,2253,3
2211,2232,3
2204,2294,3
2279,2295,3
2221,2247,3
2206,2249,3
2206,2281,3
2234,2251,3
2268,2284,3
2274,2285,3
2417,2443,3
2436,2450,3
2412,2498,3
2604,2628,3
2650,2654,3
2946,2964,3
2955,2960,3
3118,3142,3
3149,3162,3
3104,3120,3
3161,3177,3
3113,3170,3
226,3186,3
271,3152,3
293,658,3
212,3186,3
1223,1503,3
3901,3904,3
4028,4082,3
4038,4041,3
2197,3172,3
602,3188,3
290,3151,3
286,655,3
649,2197,3
2573,3104,3
682,2536,3
740,2152,3
295,740,3
3159,3475,3
690,3475,3
368,3151,3
2153,3413,3
4304,4343,3
4350,4356,3
4338,4378,3
4319,4390,3
4343,4372,3
211,256,3
234,275,3
335,356,3
403,438,3
542,568,3
604,607,3
667,685,3
639,667,3
745,783,3
805,852,3
833,868,3
848,876,3
847,867,3
944,974,3
1058,1088,3
1019,1050,3
1060,1094,3
210,231,3
208,293,3
312,320,3
415,427,3
522,537,3
710,753,3
708,798,3
810,897,3
385,743,3
354,712,3
729,1057,3
315,716,3
750,1026,3
308,795,3
716,1043,3
392,774,3
376,734,3
771,1007,3
362,785,3
333,1063,3
1652,1655,3
1925,1995,3
1925,1990,3
1982,1998,3
1914,1953,3
1996,1998,3
1904,1944,3
1904,1990,3
1959,1985,3
1930,1985,3
1924,1972,3
1924,1945,3
1924,1986,3
1955,1995,3
1927,1977,3
1985,1987,3
1922,1986,3
1935,1955,3
1916,1969,3
1915,1928,3
1911,1968,3
1941,1951,3
1934,1970,3
1939,1993,3
1923,1972,3
1913,1961,3
1903,1971,3
1903,1904,3
1903,1990,3
1908,1926,3
2117,2172,3
2161,2166,3
2127,2176,3
2270,2280,3
2208,2226,3
2208,2273,3
2218,2280,3
2215,2224,3
2264,2290,3
2238,2246,3
2235,2297,3
2268,2297,3
2219,2285,3
2216,2252,3
2571,2595,3
2528,2600,3
2644,2656,3
2830,2862,3
2940,2946,3
3046,3089,3
3125,3153,3
3120,3199,3
232,698,3
212,605,3
739,3451,3
739,3439,3
3904,3941,3
3966,3989,3
4005,4014,3
4068,4098,3
4027,4098,3
4039,4098,3
602,2197,3
205,2568,3
221,763,3
1095,3151,3
4316,4398,3
4302,4335,3
4358,4397,3
268,284,3
208,264,3
306,391,3
441,491,3
536,544,3
618,685,3
632,685,3
601,607,3
715,775,3
702,753,3
754,798,3
812,819,3
843,899,3
813,862,3
851,859,3
902,960,3
1008,1049,3
1225,1278,3
1279,1292,3
1409,1449,3
126,187,3
204,215,3
212,223,3
624,625,3
607,627,3
723,725,3
710,736,3
385,703,3
368,795,3
364,795,3
743,1038,3
743,1013,3
739,1002,3
740,1051,3
774,1007,3
716,1051,3
324,773,3
376,733,3
376,719,3
305,772,3
369,1092,3
350,1221,3
1524,1539,3
1961,1985,3
1907,1955,3
1942,1989,3
1914,1972,3
1962,1978,3
1904,1940,3
1956,1983,3
1922,1990,3
1920,1924,3
1909,1972,3
1905,1926,3
1906,1976,3
1950,1980,3
1969,1977,3
1940,1943,3
1915,1980,3
1915,1970,3
1911,1918,3
1911,1916,3
1936,1944,3
1934,1994,3
1926,1992,3
1917,1996,3
1923,1956,3
1923,1930,3
1923,1996,3
1903,1999,3
1908,1969,3
2180,2192,3
2104,2167,3
2240,2248,3
2210,2251,3
2284,2297,3
2220,2250,3
2230,2258,3
2228,2265,3
2204,2299,3
2221,2279,3
2238,2274,3
2238,2243,3
2243,2283,3
2275,2283,3
2405,2498,3
2443,2478,3
2407,2429,3
2464,2497,3
2608,2663,3
2813,2840,3
2947,2962,3
401,1652,3
3107,3169,3
3109,3120,3
3146,3149,3
293,677,3
606,3132,3
1228,1542,3
1053,3439,3
771,3475,3
443,2568,3
650,2567,3
1637,3145,3
401,2803,3
2197,3410,3
701,3122,3
609,3475,3
4338,4369,3
205,223,3
303,323,3
339,383,3
396,400,3
307,352,3
342,353,3
521,584,3
578,592,3
680,693,3
692,693,3
621,697,3
723,765,3
748,757,3
775,777,3
804,839,3
802,868,3
849,897,3
947,969,3
1015,1050,3
1213,1234,3
1216,1273,3
1352,1393,3
1015,1019,3
354,705,3
721,1043,3
309,755,3
381,792,3
308,791,3
324,703,3
749,1072,3
707,1056,3
369,1271,3
1539,1589,3
1874,1886,3
1961,1991,3
1907,1927,3
1910,1937,3
1929,1983,3
1904,1924,3
1959,1986,3
1930,1957,3
1956,1957,3
1924,1939,3
1924,1993,3
1920,1935,3
1905,1941,3
1905,1968,3
1935,1976,3
1916,1979,3
1906,1986,3
1950,1955,3
1947,1995,3
1938,1966,3
1976,1984,3
1980,2000,3
1936,1989,3
1936,1985,3
1934,1942,3
1917,1941,3
1917,1973,3
1923,1964,3
1943,1981,3
1913,1962,3
2001,2079,3
2102,2191,3
2108,2156,3
2108,2172,3
2271,2279,3
2210,2213,3
2201,2214,3
2251,2286,3
2218,2277,3
2206,2267,3
2239,2260,3
2225,2287,3
2222,2284,3
2267,2282,3
2207,2239,3
2235,2295,3
2407,2497,3
2551,2565,3
2711,2746,3
3015,3019,3
3059,3071,3
3118,3176,3
3105,3183,3
3105,3189,3
657,3116,3
204,3149,3
3904,3955,3
4015,4064,3
603,2106,3
246,649,3
218,3154,3
290,2178,3
286,2106,3
649,3159,3
628,3174,3
1662,2822,3
603,3405,3
2152,3477,3
724,3151,3
2199,3444,3
740,3188,3
2175,3475,3
286,3475,3
3159,3490,3
292,3410,3
4317,4356,3
4350,4366,3
4302,4397,3
4383,4390,3
4308,4381,3
4369,4390,3
4375,4393,3
229,242,3
219,268,3
271,276,3
384,393,3
348,357,3
440,443,3
521,574,3
522,563,3
507,585,3
507,542,3
523,570,3
693,695,3
657,670,3
639,694,3
765,800,3
732,742,3
732,783,3
722,796,3
736,777,3
789,800,3
725,775,3
725,765,3
897,899,3
870,878,3
843,849,3
802,888,3
868,897,3
859,862,3
917,986,3
1024,1047,3
1010,1049,3
1206,1292,3
1215,1225,3
518,537,3
1205,1208,3
1225,1299,3
721,1095,3
719,1035,3
785,1023,3
743,1025,3
712,1045,3
740,1043,3
392,795,3
330,786,3
701,1045,3
749,1002,3
1063,1228,3
1506,1594,3
1619,1699,3
1834,1886,3
1912,1975,3
1964,1971,3
1954,1980,3
1952,1972,3
1952,1982,3
1955,1959,3
1927,1930,3
1951,1996,3
1968,1997,3
1920,1995,3
1905,1928,3
1906,1956,3
1953,1973,3
1945,1983,3
1915,1919,3
1957,1989,3
1936,1990,3
1934,1935,3
1934,1964,3
1972,1988,3
1923,1970,3
1943,1987,3
2108,2117,3
2166,2196,3
2164,2184,3
2118,2152,3
2210,2285,3
2273,2282,3
2202,2220,3
2282,2284,3
2233,2275,3
2233,2286,3
2269,2278,3
2207,2279,3
2249,2279,3
2246,2274,3
2527,2575,3
2503,2586,3
2560,2584,3
2644,2648,3
2656,2698,3
2668,2681,3
2809,2840,3
3005,3084,3
3046,3093,3
3118,3197,3
3127,3158,3
3128,3161,3
204,638,3
658,3104,3
271,692,3
215,3186,3
1212,1504,3
1056,3436,3
739,3491,3
374,3410,3
716,3447,3
3916,3931,3
4015,4039,3
281,696,3
443,610,3
248,1693,3
1693,2510,3
39,391,3
701,3151,3
286,3490,3
2183,3471,3
272,3421,3
4319,4325,3
347,393,3
326,348,3
323,337,3
335,383,3
414,431,3
542,550,3
554,586,3
507,574,3
659,660,3
723,748,3
702,735,3
769,784,3
844,849,3
841,848,3
822,848,3
811,865,3
806,891,3
868,872,3
859,881,3
1079,1091,3
1018,1055,3
1216,1257,3
1356,1376,3
223,296,3
210,227,3
307,383,3
708,779,3
364,705,3
778,1045,3
727,1021,3
737,1072,3
1524,1542,3
1637,1677,3
1619,1639,3
1907,1948,3
1964,1986,3
1966,1983,3
1929,1951,3
1959,1977,3
1930,1963,3
1930,1996,3
1930,1966,3
1951,1985,3
1937,1997,3
1916,1941,3
1906,1921,3
1950,1997,3
1950,1988,3
1974,1985,3
1947,1964,3
1953,1970,3
1945,1953,3
1915,1975,3
1915,1938,3
1941,1962,3
1939,1975,3
1917,1928,3
1903,1935,3
1948,1968,3
2157,2196,3
2121,2123,3
2257,2259,3
2210,2243,3
2210,2265,3
2210,2277,3
2224,2280,3
2232,2292,3
2276,2287,3
2214,2243,3
2228,2259,3
2231,2256,3
2231,2283,3
2215,2217,3
2264,2297,3
2264,2276,3
2222,2272,3
2213,2218,3
2203,2265,3
2245,2286,3
2219,2253,3
2229,2250,3
2404,2407,3
2451,2500,3
2534,2547,3
2801,2822,3
3084,3093,3
3071,3084,3
3148,3170,3
3158,3169,3
3168,3176,3
3110,3119,3
3110,3148,3
3109,3162,3
645,3178,3
670,3137,3
205,645,3
1042,1507,3
724,3493,3
1023,3411,3
1056,3410,3
364,3476,3
366,3402,3
3924,3931,3
4020,4063,3
295,2105,3
247,641,3
290,3159,3
2186,3134,3
2563,3104,3
274,2531,3
444,682,3
1662,3063,3
247,3413,3
263,3436,3
3159,3444,3
3151,3483,3
763,2178,3
4363,4375,3
4327,4358,3
4365,4370,3
4334,4386,3
135,141,3
204,242,3
220,288,3
296,299,3
226,264,3
337,348,3
312,371,3
312,373,3
451,490,3
542,584,3
522,584,3
518,544,3
554,585,3
523,563,3
664,697,3
624,682,3
611,660,3
714,794,3
715,777,3
775,780,3
767,783,3
790,794,3
850,876,3
841,859,3
876,897,3
894,895,3
852,876,3
1024,1037,3
1080,1098,3
1206,1257,3
1445,1446,3
208,226,3
713,790,3
1020,1090,3
378,727,3
341,739,3
341,703,3
315,737,3
726,1025,3
313,740,3
313,739,3
313,729,3
781,1025,3
781,1001,3
392,737,3
305,759,3
792,1043,3
737,1021,3
355,705,3
707,1026,3
1509,1538,3
1607,1652,3
1961,1989,3
1961,1993,3
1949,1993,3
1907,1957,3
1901,2000,3
1901,1978,3
1964,1984,3
1962,1977,3
1973,1977,3
1954,1965,3
1954,1996,3
1956,1976,3
1956,1982,3
1909,1957,3
1905,1917,3
1935,1961,3
1938,1994,3
1957,1975,3
1957,1981,3
1939,1976,3
1939,1988,3
1932,1933,3
1903,2000,3
1903,1991,3
2164,2174,3
2127,2198,3
2227,2242,3
2271,2288,3
2201,2210,3
2223,2241,3
2223,2239,3
2232,2248,3
2270,2275,3
2247,2266,3
2228,2258,3
2236,2260,3
2279,2300,3
2249,2276,3
2254,2282,3
2405,2427,3
2460,2484,3
2430,2496,3
2505,2589,3
2528,2567,3
2803,2868,3
431,1656,3
3127,3171,3
3119,3136,3
3110,3161,3
624,3132,3
275,680,3
613,3120,3
680,3178,3
606,3137,3
1576,2674,3
701,3476,3
752,3421,3
3933,3955,3
4005,4039,3
4006,4068,3
4008,4014,3
673,3155,3
650,2521,3
430,2822,3
39,2809,3
391,2830,3
2152,3491,3
221,3477,3
2197,3471,3
751,2152,3
263,3414,3
263,724,3
4319,4358,3
4356,4366,3
228,284,3
226,229,3
231,280,3
303,326,3
303,372,3
339,373,3
352,375,3
327,391,3
357,365,3
316,346,3
522,557,3
685,697,3
615,693,3
722,794,3
723,741,3
713,770,3
717,775,3
769,776,3
718,770,3
805,870,3
839,844,3
822,894,3
801,888,3
801,889,3
801,884,3
811,862,3
810,876,3
937,970,3
1098,1099,3
1041,1050,3
1218,1277,3
204,293,3
710,765,3
811,879,3
1015,1020,3
374,727,3
755,1007,3
795,1023,3
786,1051,3
707,1002,3
1024,1271,3
1042,1247,3
1503,1594,3
1921,1936,3
1921,1944,3
1958,1961,3
1922,1948,3
1920,1957,3
1937,1947,3
1969,1976,3
1919,1934,3
1919,1969,3
1944,1975,3
1940,1978,3
1938,2000,3
1918,1990,3
1911,1959,3
1936,1999,3
1926,1928,3
1913,1944,3
1932,1975,3
1932,1995,3
1903,1978,3
1948,1963,3
2157,2172,3
2176,2200,3
2113,2157,3
2108,2196,3
2117,2184,3
2106,2128,3
2210,2252,3
2223,2249,3
2220,2246,3
2211,2216,3
2218,2299,3
2238,2259,3
2268,2295,3
2275,2278,3
2216,2294,3
2303,2306,3
2454,2458,3
2484,2485,3
2404,2454,3
2404,2447,3
2451,2498,3
2473,2492,3
2539,2547,3
2565,2595,3
2515,2539,3
622,3109,3
293,645,3
264,613,3
1247,1503,3
716,3451,3
3930,3989,3
4004,4073,3
292,3134,3
2183,3154,3
263,3172,3
655,2186,3
215,2531,3
299,2510,3
275,2567,3
444,1637,3
701,3188,3
246,3483,3
246,1023,3
2183,3483,3
247,701,3
3188,3436,3
4311,4372,3
4317,4374,3
4317,4350,3
4316,4329,3
4302,4312,3
4302,4343,3
4308,4386,3
4334,4369,3
4334,4370,3
303,387,3
346,371,3
316,335,3
307,361,3
588,592,3
507,536,3
525,570,3
525,575,3
648,663,3
765,796,3
777,787,3
717,769,3
725,783,3
711,713,3
865,876,3
876,878,3
867,872,3
811,870,3
868,881,3
1060,1067,3
1208,1272,3
1240,1279,3
1352,1362,3
1445,1499,3
708,711,3
385,791,3
746,1043,3
328,731,3
313,707,3
1538,1598,3
1566,1596,3
1662,1696,3
1960,1962,3
1925,1971,3
1925,1950,3
1921,1960,3
1921,1979,3
1914,1919,3
1901,1914,3
1901,1998,3
1962,1988,3
1904,1916,3
1927,1994,3
1920,1952,3
1935,1952,3
1969,1983,3
1963,1968,3
1936,1957,3
1934,1957,3
1934,1993,3
1933,1937,3
1917,1947,3
1923,1968,3
1902,1986,3
2174,2195,3
2192,2198,3
2156,2180,3
2138,2149,3
2138,2164,3
2147,2153,3
2223,2247,3
2263,2273,3
2266,2284,3
2242,2251,3
2226,2272,3
2286,2298,3
2264,2296,3
2213,2277,3
2244,2294,3
2404,2473,3
2528,2571,3
2666,2679,3
2648,2654,3
2603,2654,3
2801,2830,3
2801,2877,3
3011,3089,3
391,1652,3
431,1674,3
3109,3171,3
3116,3158,3
3157,3184,3
3146,3191,3
3132,3165,3
3120,3132,3
232,610,3
299,645,3
369,1569,3
701,3463,3
4041,4043,3
4043,4064,3
289,628,3
602,3159,3
286,3172,3
2522,3104,3
1625,2391,3
2391,3076,3
289,763,3
740,2183,3
679,3440,3
292,3414,3
4347,4366,3
4369,4386,3
4342,4350,3
203,216,3
266,271,3
215,254,3
303,307,3
618,664,3
612,667,3
745,794,3
723,756,3
780,789,3
735,782,3
831,845,3
847,865,3
862,879,3
837,889,3
823,852,3
894,899,3
852,878,3
852,865,3
1032,1098,3
1088,1098,3
1003,1020,3
1008,1075,3
1259,1277,3
1248,1264,3
1231,1256,3
518,522,3
605,613,3
708,770,3
385,746,3
374,734,3
719,1021,3
315,761,3
309,761,3
381,771,3
762,1002,3
716,1045,3
376,705,3
771,1043,3
350,1008,3
1562,1563,3
1873,1874,3
1907,1953,3
1907,1928,3
1914,2000,3
1901,1975,3
1901,1996,3
1912,1918,3
1912,1957,3
1988,1999,3
1962,1980,3
1952,1965,3
1956,1972,3
1905,1992,3
1905,1907,3
1937,1965,3
1937,1963,3
1916,1975,3
1963,1980,3
1963,1982,3
1947,1959,3
1944,1983,3
1945,1946,3
1911,1920,3
1936,1969,3
1933,1974,3
1917,1942,3
1965,1980,3
1913,1950,3
1975,1993,3
1948,1970,3
2101,2200,3
2167,2175,3
2151,2152,3
2117,2150,3
2112,2121,3
2118,2197,3
2121,2147,3
2240,2299,3
2237,2248,3
2248,2274,3
2250,2277,3
2202,2233,3
2208,2282,3
2222,2293,3
2203,2214,3
2246,2289,3
2467,2473,3
2656,2673,3
2840,2897,3
2940,2960,3
3005,3077,3
461,1656,3
459,1674,3
3135,3153,3
3108,3119,3
255,3186,3
226,646,3
211,688,3
680,3112,3
248,658,3
1228,2655,3
733,3444,3
746,3463,3
364,3447,3
752,3493,3
752,3446,3
771,3451,3
3980,3989,3
3906,3930,3
4049,4064,3
4010,4020,3
4064,4082,3
272,673,3
2197,3134,3
690,3154,3
673,3154,3
286,673,3
386,451,3
276,2551,3
1645,3104,3
444,3145,3
391,2803,3
772,3195,3
740,3159,3
679,740,3
751,3167,3
3167,3444,3
247,746,3
295,3402,3
763,2183,3
4374,4375,3
4358,4368,3
4313,4369,3
4312,4381,3
4381,4393,3
326,384,3
346,383,3
320,347,3
307,357,3
430,471,3
575,597,3
521,554,3
550,586,3
563,597,3
554,597,3
556,592,3
510,595,3
604,681,3
648,672,3
688,693,3
736,798,3
748,794,3
848,862,3
819,845,3
843,888,3
851,867,3
851,872,3
888,889,3
852,870,3
937,960,3
1054,1061,3
1003,1064,3
1068,1094,3
1237,1245,3
508,578,3
374,721,3
309,706,3
381,751,3
328,726,3
712,1031,3
395,712,3
308,709,3
766,1025,3
360,785,3
376,778,3
355,719,3
1022,1234,3
1507,1599,3
1561,1594,3
1532,1542,3
1553,1598,3
1979,2000,3
1949,1966,3
1910,1995,3
1967,1981,3
1921,1993,3
1921,1942,3
1958,1959,3
1901,1944,3
1912,1951,3
1912,1924,3
1966,1975,3
1966,1982,3
1996,1999,3
1959,1990,3
1952,1992,3
1909,1949,3
1916,1988,3
1931,1980,3
1974,1993,3
1963,1993,3
1947,1981,3
1940,1949,3
1918,1949,3
1936,1979,3
1934,1974,3
1926,1960,3
1939,1970,3
1932,1967,3
1903,1907,3
1948,1966,3
2123,2147,3
2102,2197,3
2175,2193,3
2240,2280,3
2257,2258,3
2228,2238,3
2217,2269,3
2217,2227,3
2208,2264,3
2236,2266,3
2218,2219,3
2218,2285,3
2238,2240,3
2203,2244,3
2203,2299,3
2203,2253,3
2268,2273,3
2244,2245,3
2245,2246,3
2243,2286,3
2437,2492,3
2406,2450,3
2406,2429,3
2460,2464,3
2413,2469,3
2410,2500,3
2441,2498,3
2441,2458,3
2404,2464,3
2404,2485,3
2650,2689,3
3063,3093,3
3175,3192,3
3107,3191,3
3183,3189,3
610,3112,3
1581,2681,3
314,2674,3
1506,2667,3
739,3461,3
4008,4021,3
2123,3188,3
2178,3155,3
431,2830,3
3195,3405,3
679,760,3
2186,3405,3
4311,4360,3
4348,4383,3
4348,4360,3
4302,4347,3
4343,4356,3
